{"version":70,"hash":{"type":"Buffer","data":"t/StCbjhOWSaBZGf0hUdQHBGtHd2YaGbLNgakMxjU7MGGeqyu7Ctz4DqswJf+GiXJVb/KCIt0UgCPV5sgLT01xXKyrYmppvpJBWRZz+8ctqUPkIykpQv5TGyo0/g/R4KbMYJfU+V5dj26m4hBodxU6YGE6DSwF7fqjRimtvpNpg="},"indexValueMap":{"PIU/8MyVca1B+U4USZp9AcgurhOJ1anTqHFeV1tvpcQ=":{"valueMac":{"type":"Buffer","data":"ql8cj3j+Xk4eq1g2rHl/xyWlbOMWHxiVUPPJIaXLrXY="}},"HKgrXp19d8+sYj2w2S+3Vo3TeHD/87rDReol3qfB9ZY=":{"valueMac":{"type":"Buffer","data":"L80inTQ/qlaUQsbYnvUmSxzZXU5nGyBCyTpW7hmxJ48="}},"SpDzaBjLbiuiGf9Tobt7DZzznTJGKuw0saYYZ8r35HE=":{"valueMac":{"type":"Buffer","data":"ZKD7nfkOUZ7JmGVLDDXRPB0TgI+B0vCRy4EHGgmmyWM="}},"QQSO3X/EINV1DJ8hWFtiF9fzp/krjQKZ/ir+Kt2CAXw=":{"valueMac":{"type":"Buffer","data":"SnQs27nA8mgZdfNKi/iFFufF1P7orKiUEIhNZ7HsKL8="}},"7FCg95wpD9UwIxMcxVCH6OguAaCkqbLFz/qPVQTwL6I=":{"valueMac":{"type":"Buffer","data":"2kKQl0bzEAHHgFvg8FauGv2RKFaGtqspJAeXVVOLcfM="}},"nehhgWal4/GtaYKvXSUUwp+3dr7n0cU/zBziASzEuVY=":{"valueMac":{"type":"Buffer","data":"/JQf14lI2ac7obxoHKQZAkrjYslYJRXx5RJKSGg76/s="}},"aySvCLCukhNXnipt5wJep8hti1g8yBNim3CGJCAPZ+c=":{"valueMac":{"type":"Buffer","data":"kWDYsKe+NDHwZiupcUg2+sw/NTeaLS7yC2iWT+UUi4c="}},"LM7JyvXLqiM+nbladVOBQEfiu5yWXFXc5uQHg0TF1AM=":{"valueMac":{"type":"Buffer","data":"ej52XA7F8m/M7kicM1xnP2MLYsDmLVjwE8i5dFNanko="}},"uMXEWnYeL6uMzNMBlhctVTcTZ9YFOQb9E3Jfbjrjvro=":{"valueMac":{"type":"Buffer","data":"YtQ70pODsQFLdto2Z1PEF9aVOgxFbiMY+ruedTK6XPY="}},"ddNmXChCZ6267Zv/OE9ytT7Rutyq8qFf1BR0rjRik4U=":{"valueMac":{"type":"Buffer","data":"vxbDvxnBSSUhhNhSZCzH0yWd93aEsJK1jtgjgIfpgeY="}},"GyGL4zuVhs7ks2GBk8mY1lfKYJ5ueZ6ER/go7MC7cLM=":{"valueMac":{"type":"Buffer","data":"c3BEsPO3ad8eSfzcRmSTp8lJ1a2A5jNGLf0nHunx0VU="}},"ZCFfgE0rCe+oEletz3w03T6Ul5K+wUvyu+qKYhqNWJI=":{"valueMac":{"type":"Buffer","data":"K0w9RVgU9x7WX7iBiXnfVV73D5OaIqrR8Js6NeFYv6k="}},"WIxHSaehgK8DqaN8D2O1ywp2LH+gFeT93nT8Vj7V8m8=":{"valueMac":{"type":"Buffer","data":"xjHG9etfVeAaqb76GTwVm+zo19RPfrrGQlLPwzwu+RI="}},"nC1aGfsgaGjDm/gy89ootM8v2bK/zEJGb4nSlZTO15Y=":{"valueMac":{"type":"Buffer","data":"ked2qUnwwBmSEpVR6k7UIAzeVXnJDjejQ93YDT424C8="}},"hcdjEq5CBuH91g3PjG0rJjW7jUHqoqLgOMZ+0Ne10w8=":{"valueMac":{"type":"Buffer","data":"qDjjj+ExlJ60jJUWips93GTmJF2zGXm/zosfv+Blvtw="}},"2teZEj2e0wx1lwu2jqBa1NKUNTMJU7nT9+SIDNLvUtQ=":{"valueMac":{"type":"Buffer","data":"GUu9M3g6vkamjV2eUsQnuekgoS9grIGkHQ1kdLIG9ug="}},"6Mzt6kkT/o9wuP2Zw+zmH8gWmC2jySRTC5tOtF4yBVo=":{"valueMac":{"type":"Buffer","data":"eDHvy7LkbimbgaVYE1NfFEu4grdf7DZSBLhmpUavGdQ="}},"zyNhd0livC+iuafJ31rvuQ7DYeCQ75haWG82N19QI8M=":{"valueMac":{"type":"Buffer","data":"iKq/4rIKlkmtDq3y25gV0lCr8KONWxec36Y+Qrpst20="}},"tGfMgL6417uKL9+5jzWAYoYPasf1CuW3jTgNnJLtkCM=":{"valueMac":{"type":"Buffer","data":"2jFmFOVh1oY37VO2UPTDk18nLc+eMCtqTaQmDvKqpPQ="}},"yyHlxlhnUCffV0L4q+HWFmUgf71KTbVUAkWSKtYR5Do=":{"valueMac":{"type":"Buffer","data":"XcyYJLJQ9jEDiK643+RAs7shsZkI69AmSrGLK9UZcQ0="}},"/HTPAXgM5mdLrmHCLhFgfoHRIRbU/NNzpLQaDfI5H9Q=":{"valueMac":{"type":"Buffer","data":"qUH7PXhuVwx6+YR8sf5RA0Bj/HBMpRtdXLIVPoArEK4="}},"nA5SeEQ560QoAn9DR0TaID1Y91Oh8gViiPD4pmKNL4Q=":{"valueMac":{"type":"Buffer","data":"t+kBm1JYWiUoVWNWc1PUD+SbyjTLUJeGfGqP6o3gaUo="}},"TyY1BADskU1OFU7+E0/vx2MvCuYCUJzw38mKv+Z0wQU=":{"valueMac":{"type":"Buffer","data":"emQ5VCc1mn6VBryIqZ8kfM3V3lsqJ3DvQnX6lElelVg="}},"MFZqHlfvz/3nT401j7gJzJIYqIl8PtAZbXjRB8U0YBM=":{"valueMac":{"type":"Buffer","data":"eBsBGNZ6WBC3TiWHI1y0QCbPwUs+hs4cfAtero7r/Q4="}},"5YzQsnHPnUKDHVbiLB77UZcUm+xCv8vPHtNDkOGP3NA=":{"valueMac":{"type":"Buffer","data":"EvoPlBl/2DubzU3VgUhpBLb3sgQ63kJ4Vo6D5/MDFxI="}},"eZKFoZ75HSX5eMp7cG81bwW2/SuPWHbGsZPsMTN0tdk=":{"valueMac":{"type":"Buffer","data":"8Qtqf16azYn7wWXsvYXaXSOQg853hYdZ6fYHl6P/Pg8="}},"EjF76zK0pDsuitaplJE+JEMWgj6XJ2G7u5H/LfYmf3k=":{"valueMac":{"type":"Buffer","data":"N6MGAKcXAnSOHTkEd/0v1zvjM8mpMQ3mci8Fn4ve8+4="}},"4CUAppFrpFF58dgRqXny7X07ZFPZxiYK5Xd921WfMYY=":{"valueMac":{"type":"Buffer","data":"I/9j9DEfBUS0iE27S3NneO8jV6sYIMc7l5puty+xDg0="}},"yspjaUjnAV2TVQCoybcE2Tb3TJugw12zwfxbtWdQfUs=":{"valueMac":{"type":"Buffer","data":"r6NOY1JdwB0POh6Y7EwWqtFLExUUErKqt6oLgK0HV1U="}},"eO586xqrTXHFAShiUMnv+RNDSAZO/tMcSGGjZnj+f74=":{"valueMac":{"type":"Buffer","data":"g2zIovRjUTCdIK8/bys5J8lrXafHiWpESTEeSEfPQP4="}},"DXCwEGnnwYCuS5SRLb8BqAemmGfQVQ2LR+ev+8tx/zg=":{"valueMac":{"type":"Buffer","data":"sWM3vdjGwiyR00Dpo5Y8SDHBBruks49zV+tKKnZ5rxw="}},"Lo4RbIlbvbQl2qjvXpGJgUhpYm384Tgu0IHSJxgOQZ4=":{"valueMac":{"type":"Buffer","data":"MVMLJbcUDIPfI+fs5o04m5NkURSZbrAFlx7CbBLaAhE="}},"UqRtzWCqqVq3e2JpcRdiSWQskTw3n5mcFZi2NNPiymE=":{"valueMac":{"type":"Buffer","data":"FPTZcjNmW9W1Ndbqcq3+cHLyEkziWDorgDf5aTlstok="}},"wjJBxvhXy3vdEFpF0+HqWeIiyIulK9g9ySGuWPc13zs=":{"valueMac":{"type":"Buffer","data":"fnagA2Ijm9tFeL/k2ivQfjYLaGEL5FU9roiAXfZiomo="}},"46Qyz2j/ZrK3MfC4gabO0Yn8jsWrVmvnJoqOWKcV30g=":{"valueMac":{"type":"Buffer","data":"v2wFafE0leYO2dVx0eMqKZ5vbsQLScrNUAokcSLbTRM="}},"VI562BEN0gz7fcG+7mQ80VoQQJMnZJDsdGNmmoYtn7Q=":{"valueMac":{"type":"Buffer","data":"vnqK9RZsQCx3rLxWM0Ten/9xhV4y28xIQYPgPOb55Dc="}},"n26JSJsedOMp2XqnyPgtjnG8SIcIdTBdZIRh1jfjr+8=":{"valueMac":{"type":"Buffer","data":"PdgharN/JnKMpApDLp9Mx/2g7+rkZrIFMhmr4cJCqYM="}},"7Ykw547Y072Z3wPTQSFJAsgIwOllIyvxs0gTm+fBPj0=":{"valueMac":{"type":"Buffer","data":"D41Fy7dy/6Y4Qhu1q984n60djap6X9f66qvCpEy+PMs="}},"uRXO5WbbBLkvdQSPv+XZNekjoBX0sj3O8LttZOci4N0=":{"valueMac":{"type":"Buffer","data":"b997w0ab5cEYSPNeJ2B/wITT5nwpqXjY0QWnaMPVH/w="}},"xc8RyRYGNJcvUDGMe4rFQLXSZX9gIAa8e/Le7LnW1hc=":{"valueMac":{"type":"Buffer","data":"BYwOrtEBPM5w3Fq8AHfSxBydCx/84zPnJD14UHp2sq0="}},"kms+wxiH4Fun3lX03x/zP+gV3jgwnPuCchMwkCn3oQY=":{"valueMac":{"type":"Buffer","data":"8YVmLRAFx0QQAr5Ym6iRUOq7sTuW50wfZBGfoxdNUz4="}},"kwSEMyBTBtIMO5vVg8kVjxsRjFg9iKCWtPgb5imxXV4=":{"valueMac":{"type":"Buffer","data":"nYZn6tTbAuLfm6V8Eh/5jTHnpRXdR+7T0VLI7DQP29I="}},"6h7x77c8vXq5qom3ZeBypjzO8peTp3RFmo/4T2VWKS0=":{"valueMac":{"type":"Buffer","data":"VuuarnxKhvdfPti60p9rhkbKWpGnCNPu6jwWsiJba1A="}},"EpBRULzQKeksJvy8I7Gq23O4rjchTfjQsI8upYCzv0Q=":{"valueMac":{"type":"Buffer","data":"1siQCy7iNRtlMEN0OzMavsttkm0EpmgA1r4lISTjXco="}},"D7mf+TRsFXT1Dg0lM4klJjVot2rBWO66ra+/VsXdFWc=":{"valueMac":{"type":"Buffer","data":"0sS106UF+QOKQpBqxWaApbrIBgvXPkJ2nZgrFg/z0Vg="}},"FjeJFYsvYp4M2Qp/yMLPZ7vwrJ//X7DMuSDDRwK/yIE=":{"valueMac":{"type":"Buffer","data":"aLlmlulUUJy3tKjdpB1K+Z6F2VVopaRbgVgh3DAostc="}},"S4GObdCP7O9ZsXnoTgubGiVOBUiLnq5RfpNkAN1B+j8=":{"valueMac":{"type":"Buffer","data":"cUqb8zi+RZFhzZkfD4C/CzRCjdioHrq9ALkeBNNIzYY="}},"HFTK5eYk+WZlo/i25eTDJQxUyzabSV28JqqRHhzvpQ0=":{"valueMac":{"type":"Buffer","data":"E9axOdhtxq86zp26dEJAl6LPGkmCLSl8mXHWs3B52+s="}},"JrkT7da7aN/RTlN1c23qwGoDKeIKP3qel/JuovyB8SQ=":{"valueMac":{"type":"Buffer","data":"mg2TvQPozbtZkgONQR7G21fjx3zMgLGVnr0nKooNqRc="}},"Nv/uOl+p5SUru57vmfy2s4cPKJgFmRVijQG3+4IUpvI=":{"valueMac":{"type":"Buffer","data":"xuu47gU62NHVgdcVmsMjo2L8uj3P4IcpaircFgfxzOE="}},"fQ60h+xduj0//6ZHPDaudqpMeSDm9sXiuB/eV7K41vw=":{"valueMac":{"type":"Buffer","data":"jdYTI7cHCdaFl+k7jpBOCZxpUbFKFsdh8DO8ATzmWy4="}},"nQb2F966Q4JYnPik0LC45mZzzgLB2tZ7CpZF753tfEA=":{"valueMac":{"type":"Buffer","data":"vI9yu+woNfgPbmHz/xvhabgR33KhQicJ+rKEzeSnvk8="}},"kPW7AIDYfg7THDqjhYK8OMwC//2DAlgsw9elyE0SvlY=":{"valueMac":{"type":"Buffer","data":"EamLZVsiZfvfO9oNfX54knNOmNR5N1yQIN4bvkX4J1g="}},"tujtM0iU1Z8hmeMo2xoynECHETPj8ECtrqFM99wympQ=":{"valueMac":{"type":"Buffer","data":"Z4UwdJtAAoUX5odh7op+Uyh+Y+R7VZqq98cXjb0OWKY="}},"bv4+taefpUwmAP5uvsbfPjl1a5LZ0OzHYX6WSm9SsQk=":{"valueMac":{"type":"Buffer","data":"bn3rlagPPpC5FvjTM0w/kQD+Sn/SoXKEGkZJNE1B9AY="}}}}