{"version":73,"hash":{"type":"Buffer","data":"GOXQWnLi1hxNqZ8kPZCN5U2eDYqmDWuxhKtxQt1ZlpDQESJxlZ4XVXi3VsQewjDuQwG/oo8B0EK7SQjCPn68oLrXsUeXa6NZRwmlRs2Ve2Yk96cXoPNxc/VoHTMgY20AKH8Xy2dLNWbKJ6YCjOkB38fe/M88EFKI/g83ZuIxKtc="},"indexValueMap":{"AsMDGnGIuHgHmTa9J9UlNEbnA1YT1q9ahtnrzKyzW+E=":{"valueMac":{"type":"Buffer","data":"VK/yvMAZnsacyGGPQy8ps/qmymxwGYI20+1tKaBTprk="}},"BIKLnJWkmZr60kHAA/c2C1ud2qBwV8pG9+HK8oOnUPA=":{"valueMac":{"type":"Buffer","data":"J8ZZLMImQ38rJMnygyCioi6Xb2AaxlMGR98BbrDZAUg="}},"CUXURzb7l9FPNG1HtZaNyc6u3ue/HiMIBmkbqzERd7w=":{"valueMac":{"type":"Buffer","data":"Rq5PpfZ7o4hf6MXdI4uZznzsyfM8KMNeah/YaGGlO4A="}},"Dve56VPClIgoDTz9uEGlIUwpKQCrxKGawSsl6MZD1R8=":{"valueMac":{"type":"Buffer","data":"CBljiTB+0StYiekIqr/q01CO+r+7ATBCZ1RtTw/ToYU="}},"DyThvWWyNdmHyeKf0W5K90freKSEy5tLch0N7NZwkAU=":{"valueMac":{"type":"Buffer","data":"Owpv5AVD11djPMvJeEEFuDWlm/vQpP3cNow79y9oxZQ="}},"E+XuE4nv9aUavfNq9DzOKQ71CPw//+63VahDly1rgdQ=":{"valueMac":{"type":"Buffer","data":"sooudw8gjsGIp6g7GQmduOXfGlFrtGXIhcm5F510pG0="}},"GY5wn/nn9UcQkbUjKOOEizSphVT++TPNti9O2DHUhik=":{"valueMac":{"type":"Buffer","data":"G/qAW2mWLy8JSIFu5xqDkJuB2upz609/gumrp9vXkk8="}},"G12aL0+X2Tbgr2Qo98mP84PyCKMp4pjlxJtFSuhYC6s=":{"valueMac":{"type":"Buffer","data":"Yf48qT3p8RPPjqohtPJ2NNMS/HjGHPbQAwSJzc827rw="}},"HB1ErobVU9kbp1DqdB+5C5Vnwoc8hPwgyHHUWIxYt74=":{"valueMac":{"type":"Buffer","data":"TegpElr4Vqwi7I+qnivCk0j0l2AdmEjTCaU80RpSoe0="}},"IDN/x5JjasuiM4v+wjSVnxFS7fuko/0IjDqou1PtU30=":{"valueMac":{"type":"Buffer","data":"u2Om/5w3IYi7Ei3epqQ1fLTImbBGUYVD9/TM89zjj7w="}},"LZY88sSA+yETni3xlUw/JYjk4gdiXGq2mOMcCB0OWwI=":{"valueMac":{"type":"Buffer","data":"Ce5k4pHDraGVZyL8EniVcrSYmGwNQDd1g7/+y66C3co="}},"P6C3Aoq05tjGn3Uz9534AeHh1XQaJtxu87Ci5SFagGA=":{"valueMac":{"type":"Buffer","data":"rqfdJTm5gPmZE63Iag4DPj4juihsuIpy9kz3mh3zEzk="}},"Qgenv8S9H4Wrt5aUDDBrFfX4m+5JMKostzMxoE/6tu0=":{"valueMac":{"type":"Buffer","data":"Z34kw2gJ01z8qDbobRbyCb/gZdPltai0vvfh+zzv97M="}},"RJ/Dm1MNK805yomLhK0s1NrI0trPIaL8g0spdHdbR/g=":{"valueMac":{"type":"Buffer","data":"i7NaMu6XuVmAmIqtj8C6EEBSHrQ93r73rDZGP/vSnFs="}},"RM7ArvTHT+ISa6EXh2FYQNy0hx3UTsM5groCWS/3K2Q=":{"valueMac":{"type":"Buffer","data":"B6KVmqg116I1eCDxwAEQBnn4h5ntHIo0ycZgJWxFkY8="}},"RQz7ph9tBIqWY5xtxOzn3/teBK6Fj9EC+8iijOIGWSI=":{"valueMac":{"type":"Buffer","data":"Eg4d4N95Btxs7HTvE0RqNj6dLk0+ci4gjW1zrlvrqCg="}},"SXpi/Y4k9VBuYtHJwlU+38wg/InDGcFI7/f6bAX5GYE=":{"valueMac":{"type":"Buffer","data":"XRNIWrSfh+VZwkLA6zgSiMHMsJSDkoIxEuOPQElrtZ4="}},"T1JSFatqOrT2c1//B67LYBrHQp57DWPvzYGf8LlvpWI=":{"valueMac":{"type":"Buffer","data":"9bgGjHX5CPgmdoMHQYLN/sR20yP7FV0eHUFOoyTg2VU="}},"YqFa20IZ98+dWcAkHTQHhb65sqriAa6e3Lx6amWLRLk=":{"valueMac":{"type":"Buffer","data":"4JDdWxI45C8p2z8KY0m206gmBEMeVQsHlHu7nDIwxt8="}},"Z48F5MM2Tz0YyFtFBMZ7/E+o/bbjkwtvCKQ7IojAXpE=":{"valueMac":{"type":"Buffer","data":"i9Tj9JhVTu/Q+5gvGeesg+xkRt8n22b1fN5M7rgBETw="}},"a5LnPH/Dur1hcHklFOCsKQtFm6VsMxFq/Bk/DyjSfaw=":{"valueMac":{"type":"Buffer","data":"oSMOM18qv/GN7EA8cj6ZRzi6/1Wp14RjVsFMFvetmJE="}},"bcoyKgTRp1T/9uEb+XdeU2YwJs4/3CxV1vW1AvHnspo=":{"valueMac":{"type":"Buffer","data":"Ohd8Oe5ZOVf1Vb9iY8/+uBTUz+V8rZAvBks/Pv9dvCc="}},"cXJuIwWPk1kKAHyv/BWc19xn3xFbLqwE558VPAMmOHs=":{"valueMac":{"type":"Buffer","data":"kEJ/0+RffwXne7YBBhfRAeSjC0UaT3NtXhNEQEN6nHg="}},"cdeKOBGDv3Kl7oOr8BGIJ3UCl1fkIw50+QGBsnKWR5A=":{"valueMac":{"type":"Buffer","data":"nIevRH4flW5d1OcEP2tMy8shPIyJIwl8n6mB9HXkf90="}},"dr9qtxmlrYO0O5NEgMddjDW2ei9/I789j4LlsMZLxWQ=":{"valueMac":{"type":"Buffer","data":"eHjJiwDXzT9M8NmzN9UaL1N3pIjTDX9qmeeZIF/8qsM="}},"gbLxaksoswAWzkrOksXDO3u4Wct9ag/4rxFywy7aUZA=":{"valueMac":{"type":"Buffer","data":"InN2w6tqsoZXIQNzWtbFfpt180qb6ZNSmsxv7z0y4EA="}},"hS8YYTTJvvoFPWcsh15BV9CweGbsBR1CAeVV1Anv9wA=":{"valueMac":{"type":"Buffer","data":"Rf/0qp/QASnZnGvMIAlwgnKLKGevIcJe4n4Vz6QBYZw="}},"h/0kWAeW78ssClwNq311BvpuBAgQr6PR8QP2f4EUwfg=":{"valueMac":{"type":"Buffer","data":"0GbJy1JvJ5eY+gP2oKvgB0WaEiZCplw8n6PrOYCBNEw="}},"mOmfHHXgC76ftr+uolUf0UjN+1QAHP5R0F/O8sgCWl8=":{"valueMac":{"type":"Buffer","data":"AKbE48M8oEhynhPL9FyANWjHEB2gOWvAVH+YSHjRfUE="}},"mRe0tYzsqvgVJSYwaynQKYSgSsFuUexTK3t27CSyHY0=":{"valueMac":{"type":"Buffer","data":"hxizOzWMCDcaHQuP2ixHKFBFRTp+KBS/PrGWr8H7HHk="}},"ov4TB0pmSxk3EwZ5Szu9G5/yaGV6ENPt7OHAyImnKWM=":{"valueMac":{"type":"Buffer","data":"Nz/l9rnjfMCS9LvqSs64bR6Ei8IHRQqaEvU7M4qCvmY="}},"qDRO7yrAcWr3F8yPjWQYnWxQHf3mxMdPv1JP27gQlWU=":{"valueMac":{"type":"Buffer","data":"X03wXwDpzzIeko/+5qc2Zcn/rRGWiGXInnw0qAQvJAk="}},"rxju/l68BCICEXir/VRAJx1OltMapeznLUDae0ZZ1t4=":{"valueMac":{"type":"Buffer","data":"iuuZlF9y/Haa2Sdz2E0dZK38RBFSX40ruOaiPd067EU="}},"sGHgyrzjqXi1NjehNimfZX/lvPwHW3Uz7AtfHk3oNZE=":{"valueMac":{"type":"Buffer","data":"VuHCiCunRtsieqoytIHmrEadQhtj0msLfqqRqabc8xI="}},"uAqwrmG0pltYIOUO8m7zGQc3yp41qf59LfJmoX0hSdY=":{"valueMac":{"type":"Buffer","data":"GVyIZzqZ3kABXlM80ifYZT444X9SBMfqzthq2seShps="}},"u33hhF4ZKA6dmPoVgQnrdLW7+WRRacPGasQyq0AGytw=":{"valueMac":{"type":"Buffer","data":"xhtuk++dep+Gzo4fE7e1HGcQRSxFgOa2OcNZSyMFNwg="}},"vJkWCcLuky4NknBZrBz7n1acP2cAAR2B7iyTAgDn/es=":{"valueMac":{"type":"Buffer","data":"WcPpb95WCvPUN2G5CDjmEyfLIH4IiSQ5RcHwqjbccgs="}},"zIHxhua0BkrrK7x4cQ9bY1qOyinf45452MZcNWdT3z8=":{"valueMac":{"type":"Buffer","data":"1brDSmoVAMmzd9SrjJapr+BVv263yOv6i1E6aUrfiAs="}},"zW4aiTaJEHll6uE5t3I4B4ed296BOVoMW35hVUyMZYQ=":{"valueMac":{"type":"Buffer","data":"LAtCOWR/MVEbIocVl7q0wuEpOkzrkE6A4LWDzvtJtrk="}},"1MOZaAY5cK+Dgu8Je/hCCyvcg0bNRd32n+OLhuqGBvs=":{"valueMac":{"type":"Buffer","data":"NIBEQaVUCNAC3D9yHMxeGoWyKCcD7FA3xVzkLnID72o="}},"3BZtXRRe9clLRfb8D/nIMiujRPCuAEgdPjvySl7oRS0=":{"valueMac":{"type":"Buffer","data":"hDZmd1kES1XzxAGlahklCxl/uIQWYaJV0smyc3hZNBo="}},"4eCS+dmt9vT0fpRKEXAhJpAbkefrRwDxAauDBd46gxc=":{"valueMac":{"type":"Buffer","data":"KQmtn3/8MjfzZAgvEttmT6FrJLdMntZ6oYdaz0cBAtk="}},"6InPQm9mp3qVMJnE1DqMvvdn0IMkFwptP8C7/CozCwA=":{"valueMac":{"type":"Buffer","data":"Tm4WOzSFOg1hjXHjcqeOrWYZdgtz5bKBvwQkV25hVDg="}},"8yyHqAEKbcrI5obVq+5yp6mMi5doaMztl3WUAEk1fww=":{"valueMac":{"type":"Buffer","data":"QSEVpZwbcgEnIsccFVQQ9X8c0GDJZewZSSPzy5kJ7XQ="}},"ue+2du1IMk/9nH33Np5Qzw5lwc8w00CwU3wtfTyvGQM=":{"valueMac":{"type":"Buffer","data":"o0Ye6ayH8qo3P1JxKU0EoDqFpzs3A5ysHuO1mS84Hbk="}},"1Z6SOR7hqaz63+xU/jW119ypoVvf7OsmjBQ+/JirZ78=":{"valueMac":{"type":"Buffer","data":"37GOxUgnuIZbzrb0qOYKyBuUwUw1eWX6geDmj13SBiA="}},"hikopFbFlQsvF63E/SwdVS6E1Ya+gQvNl18ZQQo0V2s=":{"valueMac":{"type":"Buffer","data":"oN9/5fHOmkFNhs++eN2jFsYdNqHEAkksxiYOthoMMJU="}},"+pfMzhpZ/KMWSD4m/bwY6leyjiMZbYN8QWqcLCbyasg=":{"valueMac":{"type":"Buffer","data":"DdEN1nh+ZdS5tki1K3rdjLv+YTovH75k69ytuLjYjzY="}},"Qb+9V6A7Mby1tRxsMctk2GU/mWY+I8Pqj+wVRjoEqgc=":{"valueMac":{"type":"Buffer","data":"fVy7++gTa962lAzz+/fpMb7s6TnPXI0iOaacOlWVqsE="}},"uxMolOKhWRev4h9Wpoh+UAKRi73T2mhYxXchEdU2Ozg=":{"valueMac":{"type":"Buffer","data":"SgPKdBMCqkdeZ8aBKl7hhRxggcZxf1bqmVQwtc/vzgY="}},"abiI6yAk4Per/2MIg2TwXw7le+eEtLFL6jTdUv+6fk0=":{"valueMac":{"type":"Buffer","data":"vr7DjQRATqVQkPfgXWLti+AqqTZ2ZPMm16rZeUFGBQ8="}},"2sG5NQIxXLJdoJ/uzAVuZh8RLkjZpuXGDnueil8Taxg=":{"valueMac":{"type":"Buffer","data":"e7lgMhaIVNzh8QSwrY+nuJftm9MF2H9E+kIl3ZYRQMk="}},"i8QAc3APr0A1WO2JlCPsWuqxKPCtqqHPFOgsBRzvnpw=":{"valueMac":{"type":"Buffer","data":"2P43bbSoEDCWodWJbQqXwiZA3WZYexSj0k0dSYL+bZM="}},"LpIV/RXpO2zc7GNwsKudhWnkk/uFvRML0K680X1IK3Y=":{"valueMac":{"type":"Buffer","data":"fdYWcFNBHPSIEx7iWPB02LTKlUfhGOl6cAwXx9R3eC8="}},"ztZdfV4l4MRXnUfg/2EQN/iZctIJmfGGn5IyLj9Jdy4=":{"valueMac":{"type":"Buffer","data":"LUgTWRXT8lMa+W2hxYbHdSC/m+8LCHfCgN0z/T0Z4/Y="}},"iS0lt9hGJLtiM3JB7uu50UQNgmYF7b3BYh9n0ttpv08=":{"valueMac":{"type":"Buffer","data":"fbWbpaqMeijXFqojgbhXUzC9NzFmd/4CrYfrJ/RvaXc="}},"eOff3nk+R64c1dvxrLF1uPLQ1zvTMZWa+H6C3qwNDjY=":{"valueMac":{"type":"Buffer","data":"f3qX9Eqg0PSa2mjmP8rgLY3ZZywqx+UP3Q5Z886by3k="}},"FQ1cG4HQtL92JiSa2P5mqcSbHP1nXG8dB5lbjEKC7w0=":{"valueMac":{"type":"Buffer","data":"jdIuOzzbimwO/1un4kAL937PjdcoS8+KlvDvt0+a2Qk="}},"APL5d7RVcwKLuChqDIwKDe82PA1FpqO5n2in49+lgi0=":{"valueMac":{"type":"Buffer","data":"QTUOPYhaDi9FGp0tBhO44Ao/RABYyp6qw38zH0MC9ns="}},"yTFJ9+VdLWUtFbaeyCS7IOl4uSR9UUSdmnqi6CH2ybc=":{"valueMac":{"type":"Buffer","data":"Q+lqpPhmVpsXQeYpdYFj/1U5Fpw58cAIPducZO+ouWw="}},"ctElLvUoGp2sw9IBmvBy2gBR9aNqFD7gCH4T7lURcJA=":{"valueMac":{"type":"Buffer","data":"Pc5ULM8I57/zXCqWX+oH93X1raGkck9to+qX1vd8OsY="}},"9A4/wb9VohyCm252K/KeI4X9/5bPKkvfWv9p23mq5eg=":{"valueMac":{"type":"Buffer","data":"1AcsS7iHD+n+KPo2puGAFPnsXArEiQTETR2zfppdqnE="}},"9LNovckCQ/Np3Y/mPxBeuxhLfGdBo1fGotZKPhnG2dI=":{"valueMac":{"type":"Buffer","data":"05MCE0/mHy1oNut2mP8EmtvbQqAu4nLKWekiWyArizA="}},"2s8flaUBdJE2R7hGoAdXCto/L+0Q/FwWnniH1nNdgIc=":{"valueMac":{"type":"Buffer","data":"J0hXQ6DW6V9nIlrqw6CZCiWZE6NUbr6J17o+/xMAE6Q="}},"P+NlVG4GJusBwvdFNYYIOHuhVbT7gVN2ZD2cTiD6uFo=":{"valueMac":{"type":"Buffer","data":"+HbJAHg3I1yMky5pmpdgmTk+LfFVh1cAszM3p/JR1IE="}},"gikRmNrh2Oe8RP2HDpLnPMdOxrjwnN2nEiSzXsSq6Xk=":{"valueMac":{"type":"Buffer","data":"7OoAZKmHJBov9Qwf2wPm37PTN/f9TEdIhvyYfuRYN/0="}},"stFk6Uc2S/5pr3VR7vSmw4GOQrQ7sfROu8xzJ1hTzBA=":{"valueMac":{"type":"Buffer","data":"4gu+48eoCT2huFl1osf3/KHMICtcL87ibOO/EloRWtU="}},"DcZ7nDS/o7aGfj1CBaXqhvmQvdK779+Cu73fSCqbXck=":{"valueMac":{"type":"Buffer","data":"5z2cRZNIhB/Dut/ydFLYJkqFTQMTTCZr4/GR1MHHwmw="}},"0gZm92G5B4xcfDxy+KSJVCHOBKrTd5+CdyxbJ438ylU=":{"valueMac":{"type":"Buffer","data":"NHgKZ9kPSwP9fUPO6DX9wN3xZ66qksjxhoI5hGA5cWc="}},"AVWHZx1c2qh0KSchpqXXrD3u4QCf1/gQTTIDrPl20Xg=":{"valueMac":{"type":"Buffer","data":"inBIyB2hCJayEb6xBNzGDwLbqkOj8HvZzImePje8X64="}},"LqNioVEWRJKS+/ehVsa45aoPDpED+qEhIKgv7BNpggI=":{"valueMac":{"type":"Buffer","data":"z/3yARVBOIhRVxvSxi+NJFpUB/NTGo5QJjJqHja3zQU="}},"uHVFd6T+FqIjLGVjECmluXkNHjsKUSDl8928mRrn9lM=":{"valueMac":{"type":"Buffer","data":"k/wBBzVvATH3324d/XXkeIfZrFygvSq/JpRgzQ4DwoA="}},"P8Nv1yl6bwdYmzVtWOiH+Hx3lgUyp3m+A5FU7HCSNog=":{"valueMac":{"type":"Buffer","data":"RstuFi+tCyOgJD9OUfmUR9NoSNHK7lJjjZ2l4IXbvMw="}},"6EK2Ds3IbmYAmX+4w7LyyD1JJCXvZD6dlx6otthfbzs=":{"valueMac":{"type":"Buffer","data":"eS8I6/9h+yL0cPEJo72XssydSYJnFrLkHafVN6g5N0M="}},"RWEboQEwlx4jXuoB3bjUXw5Rh+4owat+4mRnoGMH2JQ=":{"valueMac":{"type":"Buffer","data":"UjnGxIu3VDK/5CBtdGUPh2qSJEzrvv3iarSXl2ywME8="}},"Y623dawwTn6Q+mHPBf7v10mDOLNsqiUXCHGr70+bHVQ=":{"valueMac":{"type":"Buffer","data":"fueApTGmn3E4kcTUWRhcsFuAUdfANy1U0d0e+BurHCQ="}}}}