{"version":97,"hash":{"type":"Buffer","data":"xdvwICwiKUyfWdAXRd0MBlgb1uxjR3w4jaoPTypGhRH6MJcF+gLqVr1dPSOwWIrQVJvQoyLnyWB0ISaZNCxFaeaeX64ZImv5WqWYhj0W5WyR5nxEu+u7HSU+6gDWLko379y2UVJoaEVIh89t14m/oC249JzDNXfueRWUVH2GsAI="},"indexValueMap":{"A50SN6Rj44ZXbRh98pRM8m14uFMqL9p4p1QFdmya1JM=":{"valueMac":{"type":"Buffer","data":"INjWE5YjSxOhoRW6vZWX4tJsekFYfaHNo299WaIqfuU="}},"4I8BemkcHx73qGCMb3aeqKbvJaJ4/EoQJTkGNzUx9Fg=":{"valueMac":{"type":"Buffer","data":"V9/9cg5F+6O6eI3F7VXxjXrI+V6oQNUAdP8E9hLDVz4="}},"cdCr1RYehSOxerYe9B0v0jGe+x32hPuV0vYc2Ia88h4=":{"valueMac":{"type":"Buffer","data":"BfTWrOoHHTb6bOSB8Q94yevnM1Fk5wH8dSVilVc7JpQ="}},"2MWsGhzpo1RyQuaammObu+E6vviJ+k11rpfMlrqP+LU=":{"valueMac":{"type":"Buffer","data":"6lDJ7sj+ftm7lmYrVeXXYm5BKwsfrpyPw5kY6N3V4CM="}},"JDZupexT0iE1W3TOerFYINI2ioYWL9mUC6JHjVJrPn0=":{"valueMac":{"type":"Buffer","data":"CPYC96v4zZbHZwx8/TU8yIcojNzSrkJTyISjur+X0TQ="}},"NJfs0PSUNndhpw6wiPBr5V0g0uO2X1rTCokZHAp54rY=":{"valueMac":{"type":"Buffer","data":"sg3JigNywbVw85C3WG9B0+rLPxFjKfNIobR610yfBVY="}},"YsQiwYEeljeDOjFHMT2ECOavAi4TshM/mp77HgjEWQk=":{"valueMac":{"type":"Buffer","data":"g8R+ew5LUmQVK0IHfs4usR7stOHWbUbtvbvkArkXm2I="}},"78Ikx4ko8Jf1174LPdO994Uj5VxCf2BjsrTP3qcXZYw=":{"valueMac":{"type":"Buffer","data":"e6vUEN/ACEgu9Zp8UKWNEidMWt+yEuDPt9wiitElx2w="}},"wIDdJvbYo+HBzf4LsDkPtJp7rVGAsSs1cKzPJ1loats=":{"valueMac":{"type":"Buffer","data":"XmIe+cJEVv2EN//+PRFvuAbQauTBGu0+SY7u4SC1ml4="}},"bsJlbiVTFggfa8ETB1Uv/ZRdqnlj27Ve5sUPQo8gr3A=":{"valueMac":{"type":"Buffer","data":"L187L5DC1SPGR0eTxSaZK65F6FGqhNQaRRXSqyKtZBY="}},"L85ScFpjNtSLEHVW3BVIUFG1EkNHu6OScFD/OShCUAc=":{"valueMac":{"type":"Buffer","data":"zb0jnr/bbjUdcTDJZMhITM90cFuHsVTy5teSth2KsPY="}},"2+0RdsBQcdX6q8+8MbQoFlvUAbMM6T/FMyKmAHDLRTo=":{"valueMac":{"type":"Buffer","data":"n8AlHbv54NOdT09rrYsQRKvAHWrYSJUaCtxQBoQi7H0="}},"FQ8PTjHAWPwJ/LEbnwHBbxVmlEp72VGzBil3FSDOK8U=":{"valueMac":{"type":"Buffer","data":"POXInyqJl4Ygv85fqvS6VDskCg/Fi6thMbRTSkCX/So="}},"ZVXZTZOUl0NXoLwydlb0b2WVT+FjvYn0aZ7QRnR5phI=":{"valueMac":{"type":"Buffer","data":"yh81SvKx+/QKAEKzLDT5j7Tep2j/QwBIQWK3NDrQaDI="}},"ldYZ9ERU57Jg4PARPLhbnMj5/QUmwmMGLr63lJAcz2U=":{"valueMac":{"type":"Buffer","data":"KXH75ZoO2NbWk7Lr07L5n8O4t+RsbVj4F41G/MEpvYk="}},"C5jcgpJXG9TUZsFpP61w3j+zthnI1Tls/MfeA6cHk5U=":{"valueMac":{"type":"Buffer","data":"xNK6+FuDmahcHjH8XmQjYUW1ZuuNceZWi7KfkUrKQnM="}},"+j1jpX9iyjD+/jN5J8wD/xZ0DTBoiPR1sYiLZSLg7KQ=":{"valueMac":{"type":"Buffer","data":"IL92uCNB0uGF8UXL1HtcDiwglOL6Bm6Z89QsaWccjlA="}},"L2aSkZxQQ/hFoQGYKIwXvNkk+yd47DEw+gPBS2tff7k=":{"valueMac":{"type":"Buffer","data":"YW2TstFSROv4w1B+JbS6gqHpeUtN+TIiECtLTXIl1aQ="}},"0cEKXwY/nlY+IDPUR1UsBzUmbKNI8WfswhYbZuMUrh8=":{"valueMac":{"type":"Buffer","data":"72jmqjwzcSoMcLkPGPOtx+JikQiNbnoOwS9YU/8SBFw="}},"DiqO6scvRqcC8R1BShZV7QYW/yc5ZJNIXK1q7aqujyc=":{"valueMac":{"type":"Buffer","data":"t5jKwb3RGFZrKPfWRGBGvnMomvImqyV36DFyWyX6AsY="}},"lIiVeZsZ1bp6TZoaGofZ6ruF3zRwIyVOOJ/u+ttcjL8=":{"valueMac":{"type":"Buffer","data":"BMUW1KdvF+9sH7Al3XB1EUihoi9s3/f+nluJDn01/d0="}},"UCK/ksBHrLRfE/JK880oc+pMD5zXe7yiYLW5JIp1YUk=":{"valueMac":{"type":"Buffer","data":"cirY+MwIwz7MQMn0XAjsrAvNnbj3bbJ0rdlc9x5gR/k="}},"PReIUg6W/Z6P0INiJ3BVermN1itqPohyvlI9+iz0810=":{"valueMac":{"type":"Buffer","data":"STbi+42Ny3Xodp7Jjvhde0LW46dYc8+py0qvRBXEoZc="}},"09v1D99xTbHEbDt1tNPA0WPSae8eh9nAjlR7Q5VZK9g=":{"valueMac":{"type":"Buffer","data":"3WUY3yQTHCyJfX04xHO5tr+WK36FAuKRGmaIgX71qpg="}},"41CM/LbMGUJTlC15B6Y4cUDl1PBMbXpPTcGh2kZFamw=":{"valueMac":{"type":"Buffer","data":"dA4KvdU5CKSTSkKEiCPpswTew9+V2YfZnti6l/5F0A8="}},"FnN/m7HU6UAGLZfMQu3gNuQnDD8MLaJbLA9DTBSw2Mc=":{"valueMac":{"type":"Buffer","data":"IEpf/D2cKpfWvRZs31JFucOwFXYnHzwzbnYDXRxqNh8="}},"tsv+73zcX+m0PsrzcODte/F/uD2cRjTBpn1/ETO7KhY=":{"valueMac":{"type":"Buffer","data":"8isI0waxBf0/oi6npMZnlkLSKGoQlVGBtiTWS3pvcwU="}},"Z8R0iafqswRZeX/NNhoeNaPK17lGTe6gNGQ4XRoPkqk=":{"valueMac":{"type":"Buffer","data":"fr2KnUq1xoBfjbTnPAsOu6wDDFXlXv+6FHg3EMCQrjU="}},"1Y6zIXNXi6VBPfJJB0bNv/BtJ0ciVog2Qj4reAqEZCA=":{"valueMac":{"type":"Buffer","data":"ZiEZmk+kYquqxg1HRAHUMmcJC/itOXFD+nJYPXwXwA0="}},"NeRGBSSh7IYN1J57ciRCEgl9AB5VBxLjBQnCjfAuxuY=":{"valueMac":{"type":"Buffer","data":"qXcaw7CGZh55HkL/ue+0whVtAPectK3RB4oojvqZY+c="}},"39kbzFw3aA5gwNTXQaLfhmhWfZs1jeH6dsiDycoNRWs=":{"valueMac":{"type":"Buffer","data":"JxVWPpxzng9+hc+cVROblUI7EM70uQBGuwNU7LokYEw="}},"mAJPLtMghxyex07C15g0BlDaS2nidFkwjJdq2kYYbas=":{"valueMac":{"type":"Buffer","data":"Rhh9rJUMdPUHcRlVwmC6QPiKeWSgumelz/kw7TGNeoc="}},"N+as7KquSbFMWMoUmdWMduY3LZ9o+P9pgKbmPrzQA30=":{"valueMac":{"type":"Buffer","data":"/D5Ihb6LUFQdqmaY//ry3rSjxGhc3SEQR78/Ps9bVFc="}},"3a3+dVUWXpzNpebluWs90/7QA+qR9887DLNcGU4eLmQ=":{"valueMac":{"type":"Buffer","data":"J0hS+BGLLKCEbMTsZEW35NooTOZ9rnQu1ORMLhAdYt0="}},"EQR3tYyErjIt8JGdQXsywDPapzMmSi55q/zON4mZW/c=":{"valueMac":{"type":"Buffer","data":"IBFj6kBwLKEwQT8zYnxo/rBU85KOJxW8Iy1mh9XtvvE="}},"TB6Ew+O8+2yany8HMyqj9F6e7osvf116ZrfPy8C4WdQ=":{"valueMac":{"type":"Buffer","data":"q+xxQyBwpYwdAf6GHg+ilqQkki+OEJ4uUsmOl0J0NPU="}},"uTYVZYSBF6lQ68QlCEZ3mUdSYWl9jaIW+OSLiHGCNlE=":{"valueMac":{"type":"Buffer","data":"PCyJo799+P1t1vZSO0NQmJF7nx4j5CYHKzslixn4TO0="}},"pCzxgxbcY+/x5V+X9Y9cdwn0jUTeW8ZSVpj1iWon+o0=":{"valueMac":{"type":"Buffer","data":"Re5TnO8bMn7C7JpGH2kBn+pg/Su6nnYXF4l5STkZqDc="}},"4JPBCZ0rtnemO1mLiZ2NXRCPsG/IY/qILQrMFBWD3wQ=":{"valueMac":{"type":"Buffer","data":"hWq3cTMJWJDP3r5Ff9Tk6kwLRPEIpfnfVeGyCAgGt5E="}},"Uui/EEHLpu8m2EIUiZHhnsula8wPta8rnKi/yeZNnIk=":{"valueMac":{"type":"Buffer","data":"pL+BwlFHs/uuYJaUP3qSU46EfE0598AtTkgyAWitoQE="}},"tOm+nzu9u+8wqO/l1lyDcNPMI7CCZpmq2HqyC4G2uoU=":{"valueMac":{"type":"Buffer","data":"2pVv5vFsC3fkZhK9WpGinUAe4qqKZp+tcyPC67+JCPk="}},"q0uPxPMRa3VewGRchcb3jVVHkYBmmhnCOAX13QHd444=":{"valueMac":{"type":"Buffer","data":"kS3m2bkXXlrSCJhYom66rssJgbUhucnQjErjGPne+bQ="}},"+5wB0KeK7iBpkIzvNzCZCApIjmZoXSRkOA2pzyTPEBo=":{"valueMac":{"type":"Buffer","data":"flMnJh7ium+n4WpuaTP5e/ckTnaM5rlCPOXq5aYHRQ0="}},"0x2EJxIZmoRkzpgRqp4xEzUEdL2zSYJL0wk5dt4P0LE=":{"valueMac":{"type":"Buffer","data":"Cd9eF2G81s4/SYhY8tROso+70KMiF6ql9m7IV7a8crg="}},"UtSQMwDO+W+ahzBdHtEEx1cS/tw20FaaFMlgdqMsBCk=":{"valueMac":{"type":"Buffer","data":"ZxEXOags86V8+IwSQ4uX/fBXX8sFMNbgo24YNQL+/74="}},"HRGMSTeMjah53AK39NMiPMs+LNjyObwJ+3XLzSOaBGU=":{"valueMac":{"type":"Buffer","data":"m8wJaaxB5lq5jZQtMIvtqpoeBlJSWghQlJjswqngHpo="}},"dQx5lARGFNWFTWYpcjueQWquBTIlvR2t9fPMljp1I44=":{"valueMac":{"type":"Buffer","data":"kpgQcF8w519h5oyG7V216Cu8hj4v6xnx8u1DSk6EQRA="}},"7QNeC8Rbn1ByqPEVhhXv09WKtdJcmFhtmlVxckWW4oA=":{"valueMac":{"type":"Buffer","data":"JC1QgrooRVMjaFaJCTOo3fN8GET1roYG3UGZgSAwU1s="}},"cjl0Gx9OfKvfcQ9GZ2mnRwUMicmMX3SPoFDQZuZPr4U=":{"valueMac":{"type":"Buffer","data":"0Ky7uZ7cbTpYGqM+Uea6w2cdctAiuUuF2AbDNG4pytQ="}},"ky+PxhITT6PToYPoJsK27FORs6JKTkxbofSM7RMRpVs=":{"valueMac":{"type":"Buffer","data":"TY445wgc2qsLk/5LdOEjw13Q/0xQRVaOcT8OFTGBBBo="}},"TT8n+xCpAgVaxaecHO6UAEvYnxuYjZu9L5BjGK9VL2M=":{"valueMac":{"type":"Buffer","data":"Yngy5tdPl6JLwJhgoP5eZnplD20ITTqDfMHq+C9eAMg="}},"TQLXoR5ONc0YGwOYSrVa8dBAC8CbNCPRBK6C2dgZrpM=":{"valueMac":{"type":"Buffer","data":"lrdV51Qa01xIbwar2jN8zBT55d0VaQKxnBfpz5ZcER8="}},"OB587a7Zoob4/K/kI/oQloEYgnSx+bPqYNF9ClFpSlY=":{"valueMac":{"type":"Buffer","data":"62QGZmjJJGsUTl+KRr/zE2ClhPzn61Ta6CxW+0VQgOc="}},"kjo6FAQHx/7bxpLWiozPDJlENyenfqKX7e/glQBxhwo=":{"valueMac":{"type":"Buffer","data":"25ubHLHQtWfiIQVgTFT68Xd405Y/1SYi1VuJBpr6bWk="}},"0FfpxKEOOQFcQ3SvXreOCHmFd3D+NK7dYxDvALMUClE=":{"valueMac":{"type":"Buffer","data":"aJObr+qLawEPvmt7zVdB1eKCXllLG1DG5nfNgUDbj28="}},"Mpi0EhiQbg66/4+R37D1c/Sj+ubNnCeq+SDbrZSC1/M=":{"valueMac":{"type":"Buffer","data":"jhb5UWw3l/LlB8ovsofrUQOeLXvlZCxSdmdQhShvk9Y="}},"ACcNzg4DJx2YRUaGnHd6Nis0uHFHwE+giYWaEz7VR+E=":{"valueMac":{"type":"Buffer","data":"j/mPygj1bCaifOC8wqfRjUzdOrJUK3UiF23CeLi6hUs="}},"D9KzB9TyZDC8a20hGijOiz7tF1IBcXp54AdpBz6jOdk=":{"valueMac":{"type":"Buffer","data":"7suTkrcCBFW9Ir8LycuTEIJVAdmIou5nlZRzfoCbwws="}},"q1wrNATWfXSQ8Tfa7TUxmnx1FjWCz4/7R8YOTW/wkno=":{"valueMac":{"type":"Buffer","data":"ZG0GWPerVEl3L92fc/B5Ytd/a3fA9YGr+1joWPm522w="}},"6UJtxkRo2qlQRUgQGWOEfbI1xBxTsAKyxFuJ+M4gvp4=":{"valueMac":{"type":"Buffer","data":"UVrC/2lUf/95a/bYI6rwV34ga6FZhoaBXZaRXBI2sUo="}},"sIyfCGOUnfA+w1R1w+UFURSgY8Kjqb4YurA2XsJ9QR4=":{"valueMac":{"type":"Buffer","data":"Ulb8ihH7hYw9VwLecypIiu7EFOYUT3NTmNi74Vgdi6Y="}},"5OhQuTsD4uCsy3NiQGcLHsDMEbA73z8n0f+d2nhTMvE=":{"valueMac":{"type":"Buffer","data":"xRdsSbmwqP6SBuHrGpUfHJe8H4oftUE6yaR/5rmwNII="}},"pwfWCGrx22+5A3IxhTuJcDr7UybQQZ197dXIY+nkIjs=":{"valueMac":{"type":"Buffer","data":"EslOQr0+eLUPrf4YekP9a1cfBehWuqZQg0T6a8QHl9g="}},"d8d5Esp2Q3WjY13HPnY9HxjolyjSVhp9jmC8eRDTDNQ=":{"valueMac":{"type":"Buffer","data":"/cGCc+iEvjCs18c9jJEyTSui77VwEzIXDg2X/2nzKsM="}},"Hj9Yhyvh6dPetKLwvXAX98TDaWxXbzPVtPszVV62sAo=":{"valueMac":{"type":"Buffer","data":"mk68b3ytZl0m1wKq1auwDssZl9c8reCPJYy683Gwtsk="}},"NlYpb4j4d39KcJEleoW78T7mRKkzfE/tUj43SjhWmYo=":{"valueMac":{"type":"Buffer","data":"f+dq+NnQWgcf6PYbTuxmiXNlp/wasgJ1KZd87oBjRSw="}},"53hthExv/tunknmJmzN6CGjHd15xDuk6BwtK62LnOuU=":{"valueMac":{"type":"Buffer","data":"ezHVMDTsuFN/LjnAN9glSD36Z+L+kCImusDm2i3HshA="}},"y7shdjLW/jN+Koht5KzW/f5U9mwheYFunIm9uM/kiEM=":{"valueMac":{"type":"Buffer","data":"dGsTe1tSLAC5ySabDtBUx1IhInCkOpF/1fJ5YAwkI70="}},"zUbu1bShis23rzbUesks136stzUp3tDRQ/PrnhD7Jhw=":{"valueMac":{"type":"Buffer","data":"NcM+JwXDBA7TmzAKa8Gh+l74bAuprHrIaznnHlomKSk="}},"2NS7joQqyBnAknTotFuThMauczQnQnAoWtsYejQ+hJk=":{"valueMac":{"type":"Buffer","data":"ITrbOKoBBVo1g1BdBwlQ5ZYqo2iciBStbr38tf8ykBc="}},"WkY0utghqCBCjjqhC/mcc4fD4+KlnYib2EGp3AZSmU0=":{"valueMac":{"type":"Buffer","data":"3AFOPKEeFWVQnWa8lejylJIxHfnutNTGar5CzgWB6u4="}},"UUTyb532HSik2sZ35SyBggADAuJwFzja+SWTP276QZ0=":{"valueMac":{"type":"Buffer","data":"GkNfi+KWRLl/YcRK5R5ZUUoT1pSwCT1U0A4XG6WnK7Y="}},"2oEzLzUm4Pitaugr0NifQWkVyeJ9zbfoxlLkmdLXrJQ=":{"valueMac":{"type":"Buffer","data":"fYThSYCCX7BYYsLghjInyFmQJChgfMN07DL3+AA1K88="}},"77H9Id3H7RA9dLT23GJTG7ib0pAtpSGxaKg1GGBu9fU=":{"valueMac":{"type":"Buffer","data":"4k5jsanUlPT33K2YFnwOTV+WwOC8fYnte0aXznq9VIw="}},"30s3zzze0FoMkabBqGBuL39IVwOWlR0Kh1QFdx0dvx0=":{"valueMac":{"type":"Buffer","data":"BSbR5/8Fnc3K6tgMprxk52U2PSIJp2OiGJDMHmcMsF0="}},"nCRXr3BtHVZB5W/q+6z5EK9ivq230lLDy6E4mR5hDIE=":{"valueMac":{"type":"Buffer","data":"7RpobEFhp9gIwJCT0IFGeMA8j0YBNSG3RYIjzxsNKRA="}},"amJowQ78ISg66Z5MeYpagNWKldzzNSsWvkR3ZXrIajE=":{"valueMac":{"type":"Buffer","data":"yDWebJMYD4Q3ASCRIi4AGGDWC3e0LK3WirLa7HtS2wY="}},"rflGZu1bThsYiZCUoSC4mL8tgz02pnGUUnegSwtDM4w=":{"valueMac":{"type":"Buffer","data":"GCwsBOmjKmM0cmrLWg6qB2frKZc9mAb1mqiDCzValEY="}},"A8x7jc+UaPb9yfX56Ki7g6xNJMLDAJQF7Kss/+x3BXQ=":{"valueMac":{"type":"Buffer","data":"YITnDUO6SeeVHgyFdOfYmsjINWkv4efvOR2aYYPlSdk="}},"V8fWyhFpGoPvceivdosQnGVwe4j+F5TgYff5v81TnKE=":{"valueMac":{"type":"Buffer","data":"DuS+v6ZG32NJWiiRA+eFpNdXisOpM5RVPPOcdKgJ04I="}},"Gsc5Gc4uAOLbeVNtMZquF60D5pgVHqnv6uxnBQl/8EQ=":{"valueMac":{"type":"Buffer","data":"Wtxu9MPWIcv2GaKNxY6kyqdbJ2I+a1lcbjNF6omnW1s="}},"t0TygGua8GW9NAn02OvJQ2OuyaY1IGpZGWn4L02MttE=":{"valueMac":{"type":"Buffer","data":"ifPaPPxU0/mXet1fJcU34wEz5qfCwnMJyYt0mL9uDJY="}},"p1/WlXBOqnkYaI7aSeHHqNn9utAjf/eM+EuZ2dQryn8=":{"valueMac":{"type":"Buffer","data":"kNzRBhiAYOm8pjGsI6ldU+oFyUCabieyTrNZAD7LuXs="}},"tsDYQYjnFiAdn7+5nZSOrYTsvbvECavpj9dIJ/Kx2dc=":{"valueMac":{"type":"Buffer","data":"Hi3e74Y/9e5LpekkNdeRX6Ev/egNlwUmPlBOaDTLLXw="}},"OevmeU3FVp5R5ArRiTDq3wIYtdKaOgUa59aDGzkZSF8=":{"valueMac":{"type":"Buffer","data":"/SxL/ccZwS3jbKrYtBRjFQZVlnsl2T0ZyIut8WomP44="}},"zUcBdrVNt1QGD01yVC81JMcJin9KykfLWQdSP6YpCDk=":{"valueMac":{"type":"Buffer","data":"WZA77vdmVTZwf4gu4gAJdNs//K8pZBCa/NaVC9fcqvY="}},"hAm9vJV23hEbCgY9wpPLu5YPB7HK1BHCEk6Wj6tvuxc=":{"valueMac":{"type":"Buffer","data":"sxQ4wSsV5z5xolpFm6L5AMku3DYDqveM3xvvWgfU4DY="}},"Lm56oN2Uyl4Xm1Mh2aCbrxjSROwG6AlukuzVYsLDGP8=":{"valueMac":{"type":"Buffer","data":"fu9qBtPKLwSEtRW2tojQKuXcogJ1qX0NRCQphkZlrLQ="}},"fGDqAVmo3WBpWtQ2CK3cQaMJXqheLXUaKc80tsrt0Vw=":{"valueMac":{"type":"Buffer","data":"sfCIN5o4Mim3m0xNXLJZ3wkQfphN8VoYU/FyQ2alORs="}},"FNtJP4c6RPDOyikdg0S0zNCoG99zm/dOhprjG/zydiM=":{"valueMac":{"type":"Buffer","data":"CgMn6aU4+fcNrmB7zXF8L0OeOr6q2FFg2iwAr8KbMkw="}},"ACjShULu8dmWnDXySARWVTARJVJqWDgE7wtlqrPcxxA=":{"valueMac":{"type":"Buffer","data":"TyJgo9xYPUJ0dF0wXVB0yJImclxvO2aQIyB6mzDE7+4="}},"j4IbL8IlAS+iNggAbZWeDr+1AV7sDNvenyC2nCtyHsk=":{"valueMac":{"type":"Buffer","data":"9m7+aX0NOw2v4Ssg7qtlOKtPLvQF5T017eApUPbEWKo="}},"TUvGjES/l9yjYZNfEjIQYEpi5fTuEbs4zcwA0d1Snyg=":{"valueMac":{"type":"Buffer","data":"mrUlRvDzgL+BL+yKsqOnV722rfilkI/K1Ri9706AXWY="}},"XLVhi5WtQahIPZSgtDF9q5JRj1xYeziO06iITPBWe2E=":{"valueMac":{"type":"Buffer","data":"tydGfKkpzb0rTDQd4mnEsji77Is6YREgCysJMDTHKdM="}},"Zh3OR6jQKqDq896Yuf7QrTAcY5t2KQF1BFbx93KlCsY=":{"valueMac":{"type":"Buffer","data":"ONkjspgBE45V+wriUk0yxPkDuFkeL2QK4brm0qXxC9o="}},"ID9xTvcctbzM43/S+pzKVDVe2tjDTWHEhbzYPPvXMoA=":{"valueMac":{"type":"Buffer","data":"19Ute3czDhTtEYKtmUYJ56pBAHwd3ZBC1HhhRBkvORg="}},"qLxU7wTogXIKlboy92n3E2eOvVNj0b5j3XxqBkEU7HU=":{"valueMac":{"type":"Buffer","data":"o+0mV5WCNApN6E4FgaNkdtJLQSUYF1b8pfjfZU/qc6Q="}}}}