{"version":54,"hash":{"type":"Buffer","data":"7nQr88BwT/KuD62194nkfcrZTLkw+DH9UH7c270lxzGjkT0deA5iHI2Cpoyx27/QZmxkBqQehOE5S9x0xXfee3fsAxmsFymUlNg+djHJl273FdBWFaQLI17oqp/j+67Zzm/ED+8wotQ2KeC5JEOn23ZAvZJSjOxej+92AqXHsm4="},"indexValueMap":{"AIcqbqaNQtNQE/cGvVSts/ZDfmMJQms0Hf+GdUUp4vQ=":{"valueMac":{"type":"Buffer","data":"DpinjXKlTTi4YH5vJOyF0F2A/DOptkWf+BcOM+j90as="}},"ANpgwOU7Cu3znjyflfsPR+8mRjcZhlhXOUky0nmAvbk=":{"valueMac":{"type":"Buffer","data":"uj5eeLRHcNxmfrxb/IWBXdGNjIDCT3IArsVJQJllkFo="}},"Ad4u01p61QXeBPzpHw8Si9fgGSyO5kwDTX1ehPhWSOU=":{"valueMac":{"type":"Buffer","data":"cR+jLEdhxOAEU20rG0ApRBYPei3NLnmpCl8FyKDk29c="}},"AmrrxB8VLa9fYt2S3IFOc8uQ4UnQgjMdgLW87AHRUPo=":{"valueMac":{"type":"Buffer","data":"IpUBHkmF9J87F6SW4WtOMnaJCwsilfQWoSDXYmcDj+Q="}},"Ao3aW9QbKRlj1Bxj2P3QT7A9xzouHZAjQbsOb7Ss5s8=":{"valueMac":{"type":"Buffer","data":"Nt1uUwbVqIauT+8cK+dn7SK3L1mYLnt+DrucpdrvoZ8="}},"AvnvHj4hh9JfM5uuim03xOaiOjXiH8JBkzQVSDrAw2Y=":{"valueMac":{"type":"Buffer","data":"fs6Yluj3QweOkWbb9uvi36dUges/n8BMESeql3a00e0="}},"BO215ODkUpqp1pKpSSizIT++C/9Bxzng4Yetw0mzKdU=":{"valueMac":{"type":"Buffer","data":"ueXpEgE6R/gXURfePiV3dJnn8IDpbIUbHbwuQCYjf1Q="}},"Bca3DyfqrKQ4zt0A1yM6ilHZZ7RzaG3bvwhWBq5Frco=":{"valueMac":{"type":"Buffer","data":"zKm48yHegrzLGm/O4lO9OCQcN+nV1tGJ8Ko5Z9UH0fY="}},"CuPQEycBa1g/CYfECYTMAd/vIgCINUMtts+vwLKJAqE=":{"valueMac":{"type":"Buffer","data":"LJHpb7mbPb0efLBhoNpZY9IZ2bccVN8V8m5cIAR9/ic="}},"Cvjzj7kU81f7HyoH50G/WTaKHp/kFFRTRarZc/9FNTU=":{"valueMac":{"type":"Buffer","data":"afGj0CEE9EgEpSNGKkhyTA05j3wtHAETtvyAKLDk7X4="}},"DIXnxUjsL/ksU+YjN9FG1OOfiEyftvyF3VBowdejJuo=":{"valueMac":{"type":"Buffer","data":"fh9a3rmDdCJjILjAFyyzxhO0UAJuWZen2H9OIajfVXk="}},"DW16s3eC35OO5zyY3RF39QDgcYCK4kNm8xDI7X1Hwds=":{"valueMac":{"type":"Buffer","data":"M4W22cj3nrUB7lbjC6bJeiGwJNJAAorfcHkPkHOVGmg="}},"DcAMYZ2PH9psMjSqycWih4bZUsk+O78QB3P5Uxhc4/o=":{"valueMac":{"type":"Buffer","data":"SJxaP/bcuyPR59TwjRk+f7ExDTFsUxoTFir7J7RK7vM="}},"DmczoC9Bc/1chfLHsk98dBk79W2UtvIByyvCROlVcmI=":{"valueMac":{"type":"Buffer","data":"2vHYJj/80lYTc4tKy1LEmlYbsLd9q0zBNk57ADHg7Ho="}},"DrrY/GKm2X4LhlOBhfi0G2qgn7vHthlnu/vssj7fuBU=":{"valueMac":{"type":"Buffer","data":"WJAzuUGVS4wqyb49LDXexI5EXNVZhtYFkPqS06IvmL0="}},"DzMKsfo3xC9SSdF+ku2WjWLQ0BETTI5C9GnvH5GY2Yc=":{"valueMac":{"type":"Buffer","data":"1SRB45rCXIw/wfTebKNUan3xJY278wKZz977msR22yc="}},"D9suousfbCzvGezjsX0NT8CmpBHqKqsmU2/vcD1shdU=":{"valueMac":{"type":"Buffer","data":"+FKI50KeH7JaOH++SAPj98BT+s2hd/ttT02N6r2d5Wg="}},"ECL21PCDgB8U+qItlr14/iAQByqnh/QBmWT19Ae4ZEM=":{"valueMac":{"type":"Buffer","data":"Fmy25rmWkG0DTFjYay8XW7O5R67Vqteip4qSAXyF4+c="}},"EgGK7Z7MD6/ysc/t00b4WXlRMZNVXiRbQ3E8DRXP8F8=":{"valueMac":{"type":"Buffer","data":"6LvQikVyoT1+Qet8QTcmwMmmHP3jC7w7m56GWFwPy8Y="}},"E2t4bb3PMZ6er8DSowVYS0BHfJQSYbgrR9jXxqbcfA0=":{"valueMac":{"type":"Buffer","data":"iTvd9lU0UMf4gIljfxH0iq+SIvNM9MqmgI3QuuQ032U="}},"E/xx8MwW84P/rJYhK64jHkg2X/9wiESS1SjvPZwD+CM=":{"valueMac":{"type":"Buffer","data":"NVU9m+LGMe8Zl5adjO0SxIdqtwZiXYN3mLk2+Lz/Ah8="}},"FCfCZbMY9/n99wx+g8liUt/IjbzGuyz4ugVb1daJ2gs=":{"valueMac":{"type":"Buffer","data":"TnNzIodiaJ+5Cy2PVJHLqg80EXeGRVOfyjhG7DbfRXY="}},"FEWu8afuGf9E/B+YrCMz6n+8SujOiiu0rW3jFjhcgNw=":{"valueMac":{"type":"Buffer","data":"1vj4IoYRcJbnSVZp3/EoLL3uJ4sk/goiNYnc4omBxGI="}},"FIBC2bGLvsNNlzK7HOlUp2lA1dT8YQbovDDMW8xGAko=":{"valueMac":{"type":"Buffer","data":"6pGRZu+ZGO2yRQhYPUgw1ulXXzEK027Kc4T8qxxufGk="}},"FSUb58225+dQm4MVezyF1vlgWz62u8FOFxbBN/HJXBI=":{"valueMac":{"type":"Buffer","data":"qoMB6Mx+6ZMCpMqcR3/DmEoTbDvj20EtNAbLcJTfOpI="}},"Ffrmcme8XcV/RmZ917LV4XSjgasDQKCMHLM/36tLsvI=":{"valueMac":{"type":"Buffer","data":"tSBulikwx4CIEkJLG9tLMCHi+P1jALYCtjYXGFmMrHM="}},"FfwbXEnd2d1rxfl9+WPxaXvQGRZaRDGHJwXAS2yucVc=":{"valueMac":{"type":"Buffer","data":"Jhz63uNvFoLYYQaxMPkmC0nhUvGgWYxio/C1Nm/XsfU="}},"F1KHTnQXvkD+VXXj730QBTeiV+6MlAhxsGLGzUZsxvU=":{"valueMac":{"type":"Buffer","data":"CeM+sWz7Wmz6kkLYCLtpyUSR8AuBiH+Xym6bd2rlD+o="}},"F62qkE1ZTdpH00g0j5MsgN1XdQkPr3fIW7MMJT5ihTc=":{"valueMac":{"type":"Buffer","data":"8Ca6eYvNqG+qgs0Hl8e8IWwdBJJUTt+B2EwUv4CLwAc="}},"GJUZCJn+JqxMDMvdVENV3QNWNDCnrwI/6hR1k1w1Wps=":{"valueMac":{"type":"Buffer","data":"O1b3GhMzElIoEcnuAhz0QRU0BOf6+KW5fTzNQSIAmXI="}},"GSfFHBcIqFqErp5bv00PTqicaZYd0LIJLxyTJPrdk/c=":{"valueMac":{"type":"Buffer","data":"kBhWfjG4rzpcPONST89cIq1xmqzsEwAdKMrg5M02Elk="}},"GUoVnYVNAL2Y+37c1ZULi4nks4PXcMajIYzNC5ZlL6E=":{"valueMac":{"type":"Buffer","data":"xNHtfKPMJXpkCWwHpaom+ad/fG5t4/pH74/43XNMmJ0="}},"GWqBcI0NG+HGJKNoYnRVXQczhBAJLr5LfamSK13vs3U=":{"valueMac":{"type":"Buffer","data":"1cwIDIPFuLKdT4cm/z+/KeNV5RdA1aRB9cEF539GWSo="}},"GZX3R5WZZMKY6c+QVsIx0bnHyALPESyryoarrbhCauU=":{"valueMac":{"type":"Buffer","data":"OosaAUlXN8zvjeybOAcNVnfMQ6fPmctG3Tu1XVu4Zbc="}},"GaoMknXhZHfL46xw42fZ2cgTsKSF+dDlviFcvRIeQlU=":{"valueMac":{"type":"Buffer","data":"70N3IUEB5SPolBYa0DlpFV8EUnKr0k9nI6idE6Bh9Qk="}},"GgHLkZTsaynLjZiH/gsgKRYEc7Nq3dtn3Piid9G83vE=":{"valueMac":{"type":"Buffer","data":"D8Ese2flf3wsI+FrcUvCkGFw5TBD15E9JoKDA/FSUcc="}},"Glu9YHrY42Kc1CD0NDFhyUc48EM97/6QG6EcBpG5W28=":{"valueMac":{"type":"Buffer","data":"7W/ZRmlInJPNTdUb+INMD4gmzKy008RswhacW0x2laU="}},"Gwv0ekao2Uk9+48d3UWU7YOp6EiQc/snBeUpOjFSw+8=":{"valueMac":{"type":"Buffer","data":"ge7HYlrCE0JzNhsXB3ojMiVdbdCP9ykUukGtRSJViow="}},"G3gG73mpR/YP1MpaNOQi07ItsLfkQyTCTgQScjnyAgc=":{"valueMac":{"type":"Buffer","data":"hYlMR6JGHFsjTTlKkaAin4N6TWA6/tgpJL0igypv3cU="}},"G9tVRCKYTTcNUUHaxxABMiionTrZjnEH34Wo1PJivZg=":{"valueMac":{"type":"Buffer","data":"I9EfVyu8IoY3xWJc4ynJJd+8viOzSvsREzYXB/1U16c="}},"HN804WzVC5FcqLSt/Kw4Jxq2lwZrmir3NiDh8CjVcv4=":{"valueMac":{"type":"Buffer","data":"nxCsq73EH/bJguaXzOuwov94gCCIQUvJvMzse5R8xPI="}},"IERnpQxX81gy2yGtxEMHFJf0DfRk04vP0eLinYbLwwA=":{"valueMac":{"type":"Buffer","data":"21M9x0eb8kfOe0mgzwdxMXreZn60+qY8p7wqz1Y5Bzo="}},"IGguBiDfrZ6WjPYOnLD/EmViyxq58WUVsaMlPWFh6h8=":{"valueMac":{"type":"Buffer","data":"wNGH+yiSq2goyx8f6l8R4koXHK+loBgXcc+hkKYequw="}},"INGKXXTHAMh3joGxnkAj1ubjjNq8D8SC2p6qH1YknWU=":{"valueMac":{"type":"Buffer","data":"GJCB2/qqsVnBIm+VcI0/hx8eoJ92+hGgoepCFoP0L/U="}},"IOISIY7hb7pcG3m8bCiaaLICMri7cQJ9LW56q31hlN4=":{"valueMac":{"type":"Buffer","data":"sadDo8UnyshiW/9Z9y6imVPdA+7llNLJqubZtWMuPJE="}},"IOxI9kyptV1O6gj1wYZV9SpkRXlWQoQ5JenbFOfFuyw=":{"valueMac":{"type":"Buffer","data":"VbTO0AUIaBRFUkb+ZpG9x+MojQGSjOq7MG7VSIQ6luY="}},"IcLoMfPSQBnPq8UAhu22Po2aZd6Gl42H7ToJn0tVa7U=":{"valueMac":{"type":"Buffer","data":"h03S5+gUUrgaPazeBkrdeLLQFpbbevPNQaXF6f+W7aY="}},"IigbODvvW5TEuGnfZ1V/CdMoGVhE8qbyWJCFdPfNgbQ=":{"valueMac":{"type":"Buffer","data":"9AOZgZ3a+tHwsXzq1acwZdAnktW3UQnQVVW75bsMMKQ="}},"JMHXqMS3YvdWHu17dpbFgXOCJVgY92QMvd7DlEG5eqk=":{"valueMac":{"type":"Buffer","data":"FrmUYVhQUe1sN0xFtVto/KyBx8jN0E4GfKkDsNgiC88="}},"JTlgD5+k+P4zbzGMosv56pcKiiPGMCogOJ1uFOsuiqY=":{"valueMac":{"type":"Buffer","data":"kW0ju8LbfaEJmW33MoBOO77R6IU1Y9MDl5POy8vQjyw="}},"JW7o0QTkpG54BrlHIITR43ZNpioNM0cXWEWkhZl+gqg=":{"valueMac":{"type":"Buffer","data":"xw5YkUuFHg7j/ZVevxwsdYWK09wlZvurg3CLEIEKaNw="}},"JjaHsMmATvOSeyk+Q+r7vQIfNCD9gA+1Uhv8QxD551U=":{"valueMac":{"type":"Buffer","data":"EuH31s3Rpk+vAa8GRtQOQGeMF0U+ICnTDWUwYYjMjUE="}},"Jla3Rapebt9DzVbbvBY2v725BrJIfJIrUE7OzsnYIUs=":{"valueMac":{"type":"Buffer","data":"CJVVwhqnK9VZKuHmpPavT6m7ntKS0lpKu8tb2PkyljE="}},"J36Y8CMpKnBLylC6hi0GdzrEobbeAJGuTWx/F6y82gE=":{"valueMac":{"type":"Buffer","data":"WGTkMcZuu7wdsGaKVo22a7q/VK80d5Vdvfn4B1LuaDQ="}},"J4gFeb3W9VzNruvSCcz6qFbD36ms3PsREWpiY8wIm9o=":{"valueMac":{"type":"Buffer","data":"DIflMJiVvbpZz066cBXpqIzA3vBSfPYZH+KSOmDro2Q="}},"KyVX4/GPsLx5fgxgEoBn/K5xjXySJFEmGvh3xHxMg0c=":{"valueMac":{"type":"Buffer","data":"R20bw67MOOH614U38vgYz29qNWJxlRFldHJ1rhN3mbY="}},"K1krJ8/38rctJz7NDyAjEPqSvvtmByD/gBuwseHxJNg=":{"valueMac":{"type":"Buffer","data":"1YRgJN4gKN25p/gwJqZn9ig7WKeoDXAhzfNjK392Rqk="}},"LO6wFpodPj+BpHvTV9BKd+EV0RRm+6mAD1BQ3HdAOYM=":{"valueMac":{"type":"Buffer","data":"sBQENjp/80dIdxJb5YaXbT5sPQtOxS6MHZraf4E7/qw="}},"LPVs0sFLv8rn0uRWGsoTpkbiAQLXIGXRtclyEMsOKJ4=":{"valueMac":{"type":"Buffer","data":"advdRqsDDzW6ggPmiy5tloV0SDYLo8+24pxTDNJ0evU="}},"Lhkx4LH3lfaKnRt9cxZhP2BOwOm9ydW3nqY/+hnoV14=":{"valueMac":{"type":"Buffer","data":"RJEfXUhfFxGiEguer94H1AbAaYGisuAW3l3DtBOrC0c="}},"LqitGMqoHzREFyZUASB4hJMlC+d7SnMtVg9415gTZJo=":{"valueMac":{"type":"Buffer","data":"WYSFDofU5JG9GVOiHwNh4KJGApXd+Nr5WmK7Fa/k3i0="}},"LuVSvoRzYEPGqwe8D8F5GTxOGLqDR0KutHEkKTQiIZc=":{"valueMac":{"type":"Buffer","data":"ruDlZO5hIRhwIlTFmUOtCOW6gJti5zVjq0N7lImB/mU="}},"ME4jU1ttFptLCtiCY8BlE7mbzKR58Cctf8rJh5ag8tQ=":{"valueMac":{"type":"Buffer","data":"Fb225KRSFVdGjafV+DAck2FG0uFf5rer/rHKE/h+6Co="}},"MH43mTCICYZdpdOUGzPnN4xFvV89CuA74CJlNal4gYE=":{"valueMac":{"type":"Buffer","data":"pIPyHr9zgl2SglvnHRC8dB6ksH6AIsCBaRh7P9alKko="}},"MI/FTDLc02Lm3woLp6mIkRUKpupVsC00clO/BO3S9xw=":{"valueMac":{"type":"Buffer","data":"NUVtSF/+r8R/cTaPCNSJitAEExAG3GpW0vTCNfh7Xo4="}},"MJgeHTXpmc0OqBMNKIJK7/cX4u6z8sznotR+oksOtmQ=":{"valueMac":{"type":"Buffer","data":"J49HROKGIZwLIMCyin0JClgSeN0HW7iW2UoG8Vu7WGg="}},"MQ67oMeU3s2lQhlBt6HeXdV7VccB+BYWe5BJaY93Nek=":{"valueMac":{"type":"Buffer","data":"JWKYgwf/XY0HVPzJrxC8qVbJnZuxjg67Ny1QusHN5EA="}},"MiEZka5PvxM32ldvr8y5GPeEhXsNhLFpigvoaXYrDZk=":{"valueMac":{"type":"Buffer","data":"wXUvRXAjWM89zv4dJG60jKSB1DDygVltevPbd75ze4Q="}},"MnfuTSGEDMzztclw6YoEJxd3cOP+ricomn3eNwsXaOQ=":{"valueMac":{"type":"Buffer","data":"ozPBLhZkFfUtzLJF0mtAMI++ziHWMTtAi1mdmQXoHOM="}},"MzRKit0vVPtAu4vfV05geGk4cSgpq5UjaYfcst53gn4=":{"valueMac":{"type":"Buffer","data":"SrFM3oib9rKTYfuuDIoovgwhY6t5zpsGAyW+LyCNXGA="}},"NLWatK9GoeoI5sqBTH+bxmbAZZqcvdsyUAGKzZfmS80=":{"valueMac":{"type":"Buffer","data":"rKhLrK/M5RaDraZDIk7h4RkjCz7MLFHvkLVep5FTqAo="}},"N+0yW8RVyBSnc6v4VGqMsdGHjVZQ90qi1soNB/N0Bls=":{"valueMac":{"type":"Buffer","data":"2IqcO5WKJ2Nftzz35K/XS3YWwtjHgXPuVVZ6zbb/5Q0="}},"OAA8wID5YYNUcpZLUiaIHLG0ALTEXyytvIRx1wt4AXI=":{"valueMac":{"type":"Buffer","data":"paZIo0xncrrJP5mw1N9/adVtp2ODGZYX3RlPA4D8ppo="}},"OAduQNhAxLcQMG+Z9xjeXiYvcfJIf0ClyIm74ByHfiM=":{"valueMac":{"type":"Buffer","data":"FKue139DU2cHlDGk9tqoD85GfVprRlPZlE0JeObk3K8="}},"OObGA0+DQkAINujUI1Ni7X3sLiKIiaWdGodAQBCzXCA=":{"valueMac":{"type":"Buffer","data":"H4qUkYmFiAo6sp9rC60xMe4rfRURFEVJGCY7ino4rP4="}},"OVEwblRNacGL+SOV0P+rOztIA7z3x8MbNVcfpYvszXE=":{"valueMac":{"type":"Buffer","data":"PHahhm/PNRKUBhKpjiySFGWBntnfe0nCcM0YrDHkIbU="}},"O4coj7DtX6ByAlkvbI9Xw1lsBnOH1mRDpizNgyG4k9Q=":{"valueMac":{"type":"Buffer","data":"yYm4eh8UpvhefierpKamIUgwqyg3obwhALsZ7THzRnA="}},"PCD6tSxtkiTLrcxCB8vSK8i62BM0gIkuRFFH8MalWsQ=":{"valueMac":{"type":"Buffer","data":"eY8JqBj55YQc0e3J2mzXcdU0/nuA8gLZuuJzb7qPbIk="}},"PUeylXk+zi4cpGilGdJ5LzBvGglOse4X9UVoxmbp8P8=":{"valueMac":{"type":"Buffer","data":"nBVS+d84ML2OW/RdEKTEp7u9WuTQ6FiCSk0vs6RV0o4="}},"PWag7MLKIj6seeV/s1JZ4U9f/vmyt6z3hnnmv212UHw=":{"valueMac":{"type":"Buffer","data":"U19ca3JkrHz5iapdkumrSBVu9FyDUNDovGFc3E/0158="}},"PZ8AnBLE34jPMsDaJGh21oIcVnfqEyI8NJZf2RVvuXY=":{"valueMac":{"type":"Buffer","data":"Tox8m8sTIfn3t8pynHJis43ZX8FTeZ9Gg3kzC1uapsc="}},"Po/88cMiLKjtRc+jfg6PAGiagReKiWPiVEP+Rb2fHDw=":{"valueMac":{"type":"Buffer","data":"meSdVid2U3DzsZlWQmkjd55v43IyTo50lY123kt7dSY="}},"P+PPgLRr/CleyBOnRdwukedectDb5CRnv8Uhb0tNHeg=":{"valueMac":{"type":"Buffer","data":"M9oy5GQL+2hIs37+RlN8VHuYa8F2oflQNxluTirGzd0="}},"P+PnVNgbGZcutLrP83MHRRtwJJFPq8+dvVIBfgjyX2k=":{"valueMac":{"type":"Buffer","data":"rZm6TiFXzD/amkzQvqjYJZAaS86R/B6uEcuar/1xK1M="}},"QBuUaJ8Xb3Nrhelv7pWokrYArIG14iuY92BF8O40Rnk=":{"valueMac":{"type":"Buffer","data":"+qfSdf0QlFkkMpLO6EuBXShng1lXHsNvRVX/1YloNTw="}},"QQFAPwzJuYCv4vvuM02q249CwA0sQVdJgOgO9PQW0ok=":{"valueMac":{"type":"Buffer","data":"ubPCpb4HI0Z3bjFJkTxE6JdII91n8zwltpurYD+EEgI="}},"QYuH66Vlx1kTZmpYM+dFuxDO0YYcIbZHUTl7uEKod3U=":{"valueMac":{"type":"Buffer","data":"pmdDUSx35SUjKPq2leO0rZ4nZZBtgZz+V7vSL2QTE68="}},"Q7rJRce/DcitUYDGwc2HbAAttofjlvsFpVtKmw5ZvKY=":{"valueMac":{"type":"Buffer","data":"4Pqe2PbNjQDJE5zbDatO63hGTuaOG34Etfe1z6cvxO4="}},"RB0wq31MHRPSzu+pB3F2K2/gkK3jwB/Ti1vmfkEx2HQ=":{"valueMac":{"type":"Buffer","data":"J/7UfYqNsCns3QuRfVgRvaLhUvYDe4CBnIT3gK1MyiI="}},"RUOXHbLS8EbPS5fgwIL4ylkJHsnMMgtr2vHiFhUe5Uk=":{"valueMac":{"type":"Buffer","data":"qSXRZLUqTZ9SNFpqvHS0MrwQe+8cUP9EqvdzSs5BdQU="}},"RXW8IommN2OVB2Id3YJnaTuWJZYUumKvA1VSvyy9zcA=":{"valueMac":{"type":"Buffer","data":"iIDAyaV0SFWFRHyM/tf3qCkZWOuAfU5lN2wR6KfyF6A="}},"RcHsSdzFZw8VTOm0EM++l/2Ui3Bi3uqaSBGsEzEyOzw=":{"valueMac":{"type":"Buffer","data":"rPP1dk4wT5TF4iUiwU3V8bjFrWSBNj7OiIHABdzSJcs="}},"RgAgLZ48xba3eV94SsIr2D/m04gT0Gbofk3L0rlJbjs=":{"valueMac":{"type":"Buffer","data":"Hsi7UomOt9fJYT+qZeU5rhweLJZHYB8IYkPsUpGp6Iw="}},"R3rSAT6qzNdJLYRBzyR0mJTl6+ONvmq1SycOMcBBNIs=":{"valueMac":{"type":"Buffer","data":"CrWiCEMFnUgf2VaWhrgZQvAS0QbjNGAo3LWFOsWOfXY="}},"SOndRipqURs92nNbkp5cbVfDhJqzOlmspDcfcVKFIfY=":{"valueMac":{"type":"Buffer","data":"9nNHDl4ydwAj0a24DCslmdIDanPd8pt9la+Rz5LwVd4="}},"SvEkPtXB67yjeSSbZySnmWB6w+b9uLGH26gd/x7DW2I=":{"valueMac":{"type":"Buffer","data":"2rlsBbu2fARQmVo2V9I31eL96lnSPErFTTxJN1JBFaA="}},"Sw3qGOZY+/ZM3AqNMkEOHio6Oif4NebotSN3SRIVBDg=":{"valueMac":{"type":"Buffer","data":"f4dftoHDYGf3q3eSS7HbNcdnNVz7LuBdX2MzM3DHNlk="}},"SzeB+zieYCJEKx9Oe7xG9U71TemT/WNu4pU+uokfgMI=":{"valueMac":{"type":"Buffer","data":"9jTZabm21XS3K7DL5cXa2yvGHS1br3UUz2qIp37B4AM="}},"S4wxfxYZTX/yf+W/arRZyD/Gcl1ebzjU86dnM6kIWeE=":{"valueMac":{"type":"Buffer","data":"Rg7y01f6lN/WLrpU8eHmvk3RGXGVXk1oSrR37BTRuhg="}},"TDoQu2Lcyr9aC6rZNxiI3nAxNcjkxSZgdsntyPYyrsk=":{"valueMac":{"type":"Buffer","data":"BTZnIbkpqNZKiGkLK/26tuRStZH5zN3QZowEI1g0CsQ="}},"TF2xZ13/4MnLtnwuUN1HeF3lX5AxTTFFHvKE7q626PI=":{"valueMac":{"type":"Buffer","data":"Cj+0cWN6RQJXIfRcUsNkItufRxptlm+AyjA+BvJ2WjA="}},"TM/fUZL1bLbXxkIYUW23KtOE25W54mt6Ewxt12JV4do=":{"valueMac":{"type":"Buffer","data":"53TturqniaZGGUXfLDylgMb0oGdVmizeHMU4BLsgaoA="}},"TO3+w3chX7ChaVmuro1sUjMn503dDk5/PRgpUJFBlu4=":{"valueMac":{"type":"Buffer","data":"keQNDR61WyGoLi6TXvoDt6pXNEBL7rVLpU+ZcQi402M="}},"TdHxGxmhmw4eY7WOd0hGuuKKGJh08v6wbD3gdz7U+m8=":{"valueMac":{"type":"Buffer","data":"rRUrGRa1MgN0Wnb8+7UP4lc+NK8LrNTMAy13pTRrI3k="}},"TdY5r8DCMtQB36C2nJ+DOOAeE0XXC5P70H0o61JWyaY=":{"valueMac":{"type":"Buffer","data":"hIUD9VYZ58DOJrwKStCHd9ALvkc5N5Tc2+EPixjh0jM="}},"Tdeky/fcl8EC7sSgB+1uYE7JX1zGq3dBpIKF1X4JCuc=":{"valueMac":{"type":"Buffer","data":"CsmoQXzaCJNJA1WOFtPrhpvnLVJ8eJw7Vpp8ZKJS900="}},"TkfjeeSrLTU8qlMmMOu/imcUW4Ka6G44Y4/CpE6jtLw=":{"valueMac":{"type":"Buffer","data":"XxoouvU+CExvzuhQ/8rrETgMeDpT+itHOACF9fT3iqc="}},"TtNUlpfjMOBttHBN+tUoBOwp3R9GlE7ckVwnBxdcexg=":{"valueMac":{"type":"Buffer","data":"O04Gfq1RF6dXqGERAwnSCEKXBOY5b0hREBQkeibUZsY="}},"T4QxkZPQHB8LPZA+dUrDw7H6j+DN5xSk/xDPPhwHDMA=":{"valueMac":{"type":"Buffer","data":"FmmdShF5w4+ZZBGtrglNH18V+GEEcLHhRBNKcSncV/8="}},"T+DFYheph5V2TQU3dBNvfuL2rWORuqNeObdE4jPg4dY=":{"valueMac":{"type":"Buffer","data":"G1nqH1I8T+/e9yOYXd66eaxlQWbTAJK8zaWh9NsXIZk="}},"UCoSVGqbK/mTmh3HN4v1cgZMPNC1wv4Jy4FI1myezXk=":{"valueMac":{"type":"Buffer","data":"WNedWop2OzC1MYF5dNoPUZ2jCvZdHPA7xfuiyZ14gyo="}},"Ui23Mk/WN3LWWSuB0NC1r9cIwTo+B/hQau9LIV0SFzw=":{"valueMac":{"type":"Buffer","data":"blEHVB620zIzTnFTjAHYQXQzTLJhafoR7JFG7V/oNT0="}},"U/8s0Wks07lMO4975XF3eGyQl25ONZVEFTvZ/RhwuCY=":{"valueMac":{"type":"Buffer","data":"sSdmOnS/+Vixf9hatC8nGFDa8dW1iSgDiLj5T1v4ktk="}},"VBQ2s/GQJc0TUN8khiBRCGjr+BJmDLyOye3r0NESmHk=":{"valueMac":{"type":"Buffer","data":"rWqvrHrKB9R82jQRmDFGBYe/sWhAHXLba4W7+ZpinQQ="}},"VKNtnv1hRfR/EwBZEChl34L6owUwDiJL1JLHw2oYwyc=":{"valueMac":{"type":"Buffer","data":"tqQAETw5ayt2mP7lLvH5fv4ACImjCzzkZEv+RRAev0g="}},"VtJ/TzC9cRytgFqrHlY3JlH8Y98+mCT6JyqPRhFAUzg=":{"valueMac":{"type":"Buffer","data":"nncWPHt3PqvC04dfnxI2/mgHUzOdYlbqnjnhguNQMcY="}},"Vv51Qhi7LWhb2OH0QyEl7x1a5NM5Y+xFsnFwyrIt/UI=":{"valueMac":{"type":"Buffer","data":"gZ2q2snGwco/Msexec16WaURoDShoGa6AYc2XBdZBOE="}},"V2ALu7x0BNGAj15JEYPhyX3ch2KWu8l1zAfo6xTDsR4=":{"valueMac":{"type":"Buffer","data":"JxdlcJhVCulckQKXW2SMJICX+TVRkMLjiX1TjePZavQ="}},"V52Flmyx6S9yWBa4+Cl5dfgPYUPW1MswPvT1g2Ben0k=":{"valueMac":{"type":"Buffer","data":"I6wj7B+MyjDneb8Cklb7LzfhJiqTV75fyr/ZdBKFShc="}},"V+byhA34172ox5GplNPv/3ymsQZ4xL29pJ01XN30pE8=":{"valueMac":{"type":"Buffer","data":"7KPLKUd2BwtW9wDu1K0IpXD6wBasrVHfreZMnFwA/fE="}},"W8pDRVndNj7YdBVqcCKJCjPQ5jUiiKowPCAAJ00tRm4=":{"valueMac":{"type":"Buffer","data":"Yhu9pUHIfA5JF+57nymOf1ES1O5xx5VTDWDc+FZ/uU4="}},"XQzlj5Dk4hcb8XbpJXpg7UwdrIMntMpivAPreBWUAjE=":{"valueMac":{"type":"Buffer","data":"BcGG7n6ZCpybhqaF4YDYKaCwrzlTtjxKfM/FlNR29tc="}},"XX6B6o1jo6jReYUQJ8nx6yYf9ro3Jgtluhbcj4VJdOU=":{"valueMac":{"type":"Buffer","data":"lt2an16ROTkJfipVKKwF99I27f+566pboMOrRwkKtnA="}},"YONLNf1us3Cf9DwKeD6uDhsfnBIU30Ft4MvuRZpSAUI=":{"valueMac":{"type":"Buffer","data":"+xiCFdjQbdCcrc202F6g7vxssOaaJvo6bEuWweNcKRk="}},"YbpIUFiNRwX7BW1v/OKTIMyWFjMo7U7rfLo2jUkPHEo=":{"valueMac":{"type":"Buffer","data":"GUbk3Mu6wZpjw+46PhDZAvuLZC2W5pKqqV6yGUZpAKM="}},"YficySfsqHME4TJ1bXiwYFPrW+P9eFTMdfxfbstLG7o=":{"valueMac":{"type":"Buffer","data":"shR286+rsuWQj+GYS8P6WLFADC3Mhvv6oJAtEW2b3Rk="}},"Y3P2535ze+PG2NH3b7GJcbMOuw4+0rd54MvyzupShlQ=":{"valueMac":{"type":"Buffer","data":"VtnKQW3zXTqvB+fKIbqp1rw/frgOz2EyMJEWtdycjbo="}},"ZNVtLcu4LhDuW05EChi4LjWojsR9pxeeRBGp0sHsugc=":{"valueMac":{"type":"Buffer","data":"u1LphBG3xXLTzAlYZfZjE6R0gnjgnu8JjEHtm/qbRvk="}},"ZVnayxwfGyYGGUfRrxEg2PLg+CzDAPP6JdP/Yp22qSg=":{"valueMac":{"type":"Buffer","data":"ZuXGyBhoWxtIidXU+pJ/siDrxu40ypM/RnUyTPL3a78="}},"ZjiswbmMCO2n610RW3bextK8arADe4wOVqk8bR0u6yI=":{"valueMac":{"type":"Buffer","data":"fixQ/dE1ddJnJVAJyoCxnTmR4EsReO4HvQTeUmhcO1Y="}},"ZtTgToGYcW1ujSeOjmgAANl/Tf8aOQuAXL/Ump2aE/I=":{"valueMac":{"type":"Buffer","data":"Oa84J+2nqTOWdv1qmP2ZVZDeINzclNA+CTevPaF5mRU="}},"ZtjgWX3mxYxuJtsFvaAln+kcYraBMUz5t4HyErzWu8U=":{"valueMac":{"type":"Buffer","data":"U6jsZEQF1sVkJu6PWOaNlrna84qEUuMb2QagT1bTSQU="}},"ZxDxJS/3TKgNZyUv0u+a8NJMlqZq7yTmenRzQxIefTs=":{"valueMac":{"type":"Buffer","data":"lARtwZnAlyGAlYxtpMJiBOzV0NeZZoAlaPyQN1sWws0="}},"Z8UDHIGNGpyOP8gKeZymjf8SHnB5bQhME05fdgOxQ2A=":{"valueMac":{"type":"Buffer","data":"VLoqRv6AVZeVGwltiFoXyhCfGkZ5g2leOvVp/Hy4/WQ="}},"aJGUoxeDVmX8i6DggAAwripi5nqHLPlmAf+QA0TD3uY=":{"valueMac":{"type":"Buffer","data":"bi9p6TK/l7FVFxSdwhUiv3tMRUDC6sbol7RqitCyoz8="}},"aR+KRQ+uT6rGPgvU6IXHl4K9GlAtjcePf3LMLIFmPIw=":{"valueMac":{"type":"Buffer","data":"a92/Lh3vkyiy3mcrb8UN76G5QAo1/vOE5r+POWS1Rqs="}},"aoBKJv0FAWm8EYyyTJJunE6EEocExsD0DIFJIHc2CM0=":{"valueMac":{"type":"Buffer","data":"AqmYwB1DBSmj+2dkltZ+jE88/Wov+prz4Id7m+GwMfw="}},"aoWZPItHwEWrD0iZngc1XEHBAd4M8VX3G7LGWtIQe/Q=":{"valueMac":{"type":"Buffer","data":"8kQvcsm38rd3rgs441f83C5rZbmkOY9ejWQga5axSEA="}},"atFb+N+qweihq05boR24j0QG21CZIJDLCS/2TH+M2b8=":{"valueMac":{"type":"Buffer","data":"m23teObGY/rlUm4C5jSRcugdgkuGDq36azym7+dhQJU="}},"bHO1++CwVvudjiqDUpwVxFvSQ8WM13TizNzdMqFrdf4=":{"valueMac":{"type":"Buffer","data":"wZzkQapWqJaSH2GldRLv+SpA+H3hz+36Q7j+I1A3rZU="}},"bNIu0kcFGJ641qXJUygs1GGQzVvVvBcFaPWYc/qkwSU=":{"valueMac":{"type":"Buffer","data":"5bmb/v5TtTk0NBjIsxzkL4ubU3oMg1dtcDKuKWPRXaU="}},"bTPBceHdTyQB9qGmMxX0y3BnC02ib42ApyJ27C8/6RE=":{"valueMac":{"type":"Buffer","data":"y3VmC/ByQ0FaM052eSQ+zn0Rd72XCBomv17y2qaJiSA="}},"bYhc+cElcsSA8phiFlHMzxuwEgYiQBflbm4yE2N/5gk=":{"valueMac":{"type":"Buffer","data":"bGqB6x9IImn5GfCT7FKYW/UIsiMyyKWLSl4MqlVDea0="}},"b6MtjN46dWFE4O97IomAxinCma/nFsZsehHxwc3XNXw=":{"valueMac":{"type":"Buffer","data":"9u7g/a6eVBlek0bcwZ2kBYeixYnv5k0irXOX6zOE30g="}},"b+/ul1/+siCEE8cRiiilsYdvQVaCLW2tbLpIfiwTe2U=":{"valueMac":{"type":"Buffer","data":"fSgFTOy9MhWK2Eu6fzZu8jMldfeAJuOoMhNDKn3w3e4="}},"cDxY7X2y1Sw7MR+xseHxoMoMt7rJIsyskkGyzNNotZY=":{"valueMac":{"type":"Buffer","data":"uwyDxHCrjFi1wImtrkjAomPpY2nsvAToCanwry5yzAA="}},"cVxUyHTXxA3DQcqXJ9zr1j3aGvYbJ00bibyetAp45l8=":{"valueMac":{"type":"Buffer","data":"PRKHcSpzkuV1y/7HNHtq5y1cS3AkAFqoSu6YZhVCut0="}},"dGqMYSjhrc3IQQhnKzFL5AOFCquifeFuPRh4uxJgW9U=":{"valueMac":{"type":"Buffer","data":"4YdRJVdk8mHm2YVLULzyrUehy7hYnON7bPUACi03jKA="}},"dKcgzd9Gfoj2/CvDRFWdMCO0t5JWwoGFI339YDqk5F4=":{"valueMac":{"type":"Buffer","data":"BskDrEvUJDm8uFI3gQpN/AKEnfbKTZYkQ9tTJKguSmA="}},"dWkBhdn3h7kPw2F5qS9sIneglCLDcr6FBv70jh94pZU=":{"valueMac":{"type":"Buffer","data":"QCi7uNmYEALSoy0W3OXvNIFLUVpBFjwfYo74BEcPtXg="}},"dYjJF8rfBiIeRIt8XFkIb8pm73l21gg8FQbLlgUEXGM=":{"valueMac":{"type":"Buffer","data":"shOIQruqf2rcyqoE3sXMxvfkFWcOZEk7+U731Rwq6Ws="}},"diapggUhwhXb80OEL5Xg2XU9uCH05tY1apqJeIAINzA=":{"valueMac":{"type":"Buffer","data":"CKZUiA9As/9IoYp7Q6wHfsV0QWvQv7o48xvACs87Qh0="}},"dnvWRo2/VfIJXkcjC12h/fd5Gj7faaIQrE6wMpF2Z4c=":{"valueMac":{"type":"Buffer","data":"vjHe7z4KCO0AZPtSe+7RRUrP+qcOQNz38iXsAJiMykM="}},"d2dA4XV0tzfgxKNPCKOXbh8NEZ51bjSr5K2hdMBILnQ=":{"valueMac":{"type":"Buffer","data":"S8mjwOUPb39qU4RrsE5GQr9PcCDgImBh4rYUDgHQzc4="}},"d356OKojQHcmfNkxXSTRbmVbqYD6/evnRHftzqLoLF4=":{"valueMac":{"type":"Buffer","data":"k6S7U/a5/AXNd/IESAjmu92SiF1+yj9vnvpx5OvkHxk="}},"eUGXSBDEbuT5ND9Vqvxa/jMi4TFSMb1iMYqi0751oe8=":{"valueMac":{"type":"Buffer","data":"vU/q+UDAQdWLxwmpQlEm2wQitq1SkAAiTdjRjnPtro8="}},"ekR3SdAK/5cA6qz/PmgVrw7PHG/AoTzN8mhUY3Nymp0=":{"valueMac":{"type":"Buffer","data":"1t3wfae5UOGQ41QDW2m1B7F6l1pzL9p0otb88Fp/bCc="}},"e48TB45U+Z2f5S6OBrGyNQUE9d7PAI/9KJtXTP1XDQM=":{"valueMac":{"type":"Buffer","data":"76ai+5KZst6Ve8EKwQvQFztm8hEiUQQxn+KItSXi7r4="}},"e69meCP5fXbWQUJGv0E3zOtos4lriPV3+qRIz8n1/I8=":{"valueMac":{"type":"Buffer","data":"p2IFChwB0JWAQD/XmtOry7ELRAGOh8+xtpWnL/NbnEM="}},"fPtF/JLV3mBowUFq3Aic3DfNHL/tK1U00/iwBJpTcUg=":{"valueMac":{"type":"Buffer","data":"jjHWhHwGu4E6gd/fUTh9ffxbpz9sTaTvpQm7qjn1qmY="}},"fTAGAJFdDm741E1hPbyZd1LvZWL+HAFkwZmRpjApow4=":{"valueMac":{"type":"Buffer","data":"UHJdElVmozt4cE/cGM7o220oIN2ms/GsMmTqPTof1Ak="}},"ffD39brlSxagwG9wTbUCZcHLCzynZndGsFXLG63CXkA=":{"valueMac":{"type":"Buffer","data":"9Bc7aIktrE/6KVKQ4wPjii5uZKuCJHcZ72pb9VkIt/A="}},"fnvsM2Jmea+ExKizwVNQe4oi6z0uwYlvMRxzbFZQaf4=":{"valueMac":{"type":"Buffer","data":"LOA4T+LIXEBe9VCiIO2NkA/cxP34/5ylM+AqxrjT0pE="}},"gl0VDGZUvr11A/7vmEQeK7lMxfF4HgM7hibHQemvEQ0=":{"valueMac":{"type":"Buffer","data":"oH6UksGO2lRIPxQXLPUP/f/ESRHeGJI8QNTnMaB0p7k="}},"gnSXnL2L6pDATWqEermzhNSElX08tgP5CVaTWL3Wm3w=":{"valueMac":{"type":"Buffer","data":"s/R+TMlN/c0V18Li6RQibxr2L9K7cui/YmVgbSjXvV0="}},"gp7+w9U8CyYbDYlo89+/oBeuYrUPrpgpOrERfRmUUbQ=":{"valueMac":{"type":"Buffer","data":"4tSagqOURZaG5u94RSs3W68lGrvdRyX7jsqFsRTAVpU="}},"g5ThY/htI+SzsRZxt7jB6l7QdphyrXA6WDZFWRM2vf8=":{"valueMac":{"type":"Buffer","data":"JdZTKkVgGGQ1ClWtMewVn2aQCU3Ay+2mgkT1sIXQM9M="}},"hA8z9EsR7tR4ZwCJelTug4clmhW3noawX+w8v9zwjb8=":{"valueMac":{"type":"Buffer","data":"n+0yWpO0Lhvc8jNKwanOFIJDGV+2vIdEUY3W3BwkV18="}},"hKstFP6qdkzWeMvzUtyfUvH1TCgSUiVLUo1BQJsdQpw=":{"valueMac":{"type":"Buffer","data":"T9CBviXHRXeBq90aUikIuDZ9ObsuQhF9wPIgiOda/Rk="}},"hVD3mIWJ4JDZyieZOMgq4uXQ6Hf82p2X66G3PerK6tg=":{"valueMac":{"type":"Buffer","data":"4XSHcAKw55TuccaW7GONvLQ8dj/NYTh+4ogoyDfbtOM="}},"hYcWn7ppPL/VTuMKOTJEbw87mQWpjBY0KaKhgG2KIMk=":{"valueMac":{"type":"Buffer","data":"lTpZ0vmWkzRFJ4way/o3kXCYFjVDPK9RreOGGnZrBY8="}},"hen472uvC5VdSRH46JaeXBopztDbL96mvkQnu8fpHHU=":{"valueMac":{"type":"Buffer","data":"AmvFrnqvHnIrOQCIAByfI1hX00A0XZwoKCN9TPKlza0="}},"iC/3X224kGOtUKxed/xKskyMOuc8OI3sf2jfwBfLoJk=":{"valueMac":{"type":"Buffer","data":"aQrEIqMeZ8UCTuLn631XHFLBOOGtXTaA6DFTVtJKn3g="}},"iDJpXtm91eM70bWoCklQep5rXlzM0CRWvcwJEyXy6fE=":{"valueMac":{"type":"Buffer","data":"xzdG4F6ZPiYgrTyUG/AKVqU+BCUWX6lHUkXM2uEAi+I="}},"iD0sgLD6guWQO/JaLp2F3QxFaMc5DW51Im+tr5GArak=":{"valueMac":{"type":"Buffer","data":"m64qWkpD2eGxM6AP8zZV+kSfTMguhuuqHO3m0G9/e08="}},"iQepOC7OXw8MJa7wrsM595EU1tlSZxj1APROuasH1/M=":{"valueMac":{"type":"Buffer","data":"Qu+tqcujMR+mUOsXVZdEtYICjXEI4I39c02XbuGv3iw="}},"iRq8FTJoeUk6XmDbhMe9iS+HGXfZveuPb3kF/WuNTF0=":{"valueMac":{"type":"Buffer","data":"VneasB3MmrtPR5FRJVnnafuX/4opQzhXKEF5aX09E7I="}},"ieztEwoKvy2uzgKTNC0fBCL854OXiYVvqsGUiGjRf5c=":{"valueMac":{"type":"Buffer","data":"CiDtpvhYps6Y2qE4TXbirYCFvKvx+CF+LdAiJRGMiYA="}},"i0xjopW7vWxdOVSIZWSoO7ctP1X6FBK3wXOg+QpadDE=":{"valueMac":{"type":"Buffer","data":"nXR/VriD+NoSTfbZUtIxbVt5ofDubNaRojbRmEO3nrE="}},"jAkDt3m0AChA5eENVYr1Y+MZvgxdQ2Th1za3Xx6935w=":{"valueMac":{"type":"Buffer","data":"FPjJ9tBLfTUyZVpf5UEsF7wnE2YZm2F9WoJUWHydJGA="}},"jG1hyLvjYZQDTmiJFmkMt9pAyOxXMViwXOV+epr1r+s=":{"valueMac":{"type":"Buffer","data":"zS/Qrq5653zX77WUI40sF8sqqoyx+bEmGz6Chk3s9PU="}},"jo6SEs+DXNTdUcCsZ1gDkrsM6491k27yfb7UWegb36Y=":{"valueMac":{"type":"Buffer","data":"RK/D6wibIL86B9/bMe9gn2aaZ3ULvt0xhN2PqLyhakU="}},"jt0+Y8l/FiszB/WDLiIMtVux/SYmkzamm8Va9WD4Ehc=":{"valueMac":{"type":"Buffer","data":"j9GN1bp2bfTYjDwSfInDfR8yBMRcfvfRx2PD9luFcNo="}},"j01i+Y7+qY2YiaiWVUefBzq2MoVEQikxXTGOWfnGzJI=":{"valueMac":{"type":"Buffer","data":"berWziFJevF3xCcDUBqjUbpxE8fZFRaefg4ewpU7enY="}},"j6qzmnIX0nZ8lvF9JITp0+NCuh9yYI9sI+FvngQ30CM=":{"valueMac":{"type":"Buffer","data":"9hsDIyttu8CVFbYaoxZGWEFNDuVnooI7ZF+w3o4/sMk="}},"j8EU0Or1rU1tyJuguJz5Gd1km4Ok5GZFxT4JLAq8Sfg=":{"valueMac":{"type":"Buffer","data":"C1NOvT+QmLHrPBXYE5m8eZBlvc2fNWM2m3o+Vg2MpUo="}},"kAd5NDavjhaK/SUdbwXVseJ5Bd6Ui9Z/7KbMAYAUjn4=":{"valueMac":{"type":"Buffer","data":"rUPrCwZZb0qFcBIoojeRl3X12Hg0PajldAVXin4ZNrg="}},"kMf5bFnNAhRZ+JNRHC6cSkhWjKcJRENrr9joQlLwzkI=":{"valueMac":{"type":"Buffer","data":"t7vqB6Fl9kPH9L6qT30UfFdbNzoctr4fQhLSTUwu3qI="}},"kN8pXouRME+JaB3FPOiNK6oVNrhlPhLAlC1Bbo8R0Z8=":{"valueMac":{"type":"Buffer","data":"WxcRfBE7/qKm3UFLveOJr6CKzGdJM1vGtKXqVxeorzI="}},"lEdcahhR3PGPUZHDnkohXFCQOI20m59jieusIaQet4g=":{"valueMac":{"type":"Buffer","data":"g7mVW8H/OTicgC8A3kyzldNnTkEvEHB1wsgyYDxW4us="}},"lHJ9frfBunOY35zk+3FUvCB97XHSBrdGgeDOpWjMvbU=":{"valueMac":{"type":"Buffer","data":"Z/DxZ79dWHUPjASd7YwEzwnJpKyysTZw0dK2mhmmOOQ="}},"lKLZo6Cwr3LoEMgQR4AlVutYdDOdHmNsoy9X3C/uTm0=":{"valueMac":{"type":"Buffer","data":"2s2wWuQf1PVsiABkI0uc7p6afgHJ0asrrs3n+vZ7L3M="}},"lMBKYH8wAfXR60WiIpoHIOwq4J0Yx8SQH5Qrz0Hch2Y=":{"valueMac":{"type":"Buffer","data":"mr7wLoUnwu1Q0Yo6n9o8wb2sAZ/bK4YlNfkfZbm9RXM="}},"lQbssGxaTeJSHc1LehIHi1HAb55Jgta8K1ltYn9BR3M=":{"valueMac":{"type":"Buffer","data":"k8/v8+4JWWSYOApUt7BJmiCPCwLiuLqL17xm5SAuNRw="}},"ltm1rQugf7elEz16nzeMp5XWD6hEZFgu4XViu36mRDI=":{"valueMac":{"type":"Buffer","data":"kiczgu0zqkezmZJqirxx9vyVO7xA0y10AONHwY6p3Us="}},"lwmUL81WR5SZY14CRUpL1WRhhASCmzXXkHCRGwX37qY=":{"valueMac":{"type":"Buffer","data":"gXvDENrphSbbFr4FJBlxCW4V2tprxPd/TiaR1cRQze4="}},"mLLkb3R5J2z5L0bTeAMWWn9j0mzPEqnNUQxM90LMsZM=":{"valueMac":{"type":"Buffer","data":"AtOBeOvjuzvmam9+/KpKA2E6AFQ0P7eIgtBIEsY2x0k="}},"mO8xl6hZ+InkygyAMHybHPO+dAOpuNIUCsfluWZ7Vco=":{"valueMac":{"type":"Buffer","data":"HUlgFaV4D/DtW5ulVc7kL7wMMYQCghxJwQaZt2HID6U="}},"mcy7hP10YVDI+/9IuoPFV5AlE7eFcPc9vCQTfpFSqpI=":{"valueMac":{"type":"Buffer","data":"guMZ3zRVJgfUg5YqeNYFsaF88Ia1/v5rfmrQIapFokQ="}},"nAPAqks7fI93goH9hB0gt9AhJZW/Wa7L0rd7GsA5+Uc=":{"valueMac":{"type":"Buffer","data":"HfgFEqQ/I7YyagYcYXk2bXOJMoVvgorsXNWnwICy6yE="}},"nMA30RVJ6fMo3/txXZrar0VW6NUBAzPY4sGwWKHPmEg=":{"valueMac":{"type":"Buffer","data":"F38NP67R4oQ5SPnOjKskc4qfaQ+bl4+yqB6RzpnDJM8="}},"nRRGu6n7fT48pLdBsx9JnkRXCUlBwChKgG7ueMmVuac=":{"valueMac":{"type":"Buffer","data":"cIvHieChU4UKh6+zvtj/f14q0IdqfUAx73UWHXHL288="}},"nbUfNzWWHDWGewNuxZSbnBnjUJJQwP9ct8c/tAfJikI=":{"valueMac":{"type":"Buffer","data":"G9nBn80W8kMnIQNNBfuwjhDemkwhO2f5HF4vm35cx3g="}},"ngo8OUX9fiX0Yh+hEfW9AYuOgBSTFy35xjRAPWiGReo=":{"valueMac":{"type":"Buffer","data":"y1JNUhsmy8Uq5OTt7wYh+KOpsoNMMR6ygpZp1nnvfiA="}},"n9mg8lOC5mRoz2dFyK+klrcvTfni5qX8qL3fbzavXQE=":{"valueMac":{"type":"Buffer","data":"fM+BIBh732WVg/49pG1BYguFNuK7VPnO0XEtDbAnyMw="}},"od+766SZgR1F9L4L4enUUXl8/ILJrBy/7mP+zJDuBOk=":{"valueMac":{"type":"Buffer","data":"nu9jCkoAaiVm81p4qN8b4668gaUoRz1/0Gpfl71y1jM="}},"oscXGJXZOKOJGNhMjD34G5jPhv2/8h7krxiwFNwBWZs=":{"valueMac":{"type":"Buffer","data":"pN0Oo01E+5ln/XmQYBlF0im9PAFh1psRBqrHzwl5aqo="}},"o0xWWWP8oGtSPcv6F6/ETDrE7h4TUERy+DYzuMmxjl4=":{"valueMac":{"type":"Buffer","data":"Bd7AkgJaq0hsW329FBqYTxNYelvdEkknzjtr0SCs+xo="}},"o2KqK5e3slLmRCEdXbtIPhr8wreNqj+LplAAfpOtbyU=":{"valueMac":{"type":"Buffer","data":"vU3xySm3gPv7LHmELkJxkgdAN4VFNuIdjXPrYJRVQu8="}},"o8RDDUEtCSHAcmj6ge2wx3L1IEZ0Z43YSWtfwoCHtb0=":{"valueMac":{"type":"Buffer","data":"ghmQoYiKipcsmkPuWNHx7Z7wrPr5fKsNCvmtJuOOtLo="}},"pFlSEAKVwgaaqqDWgugwKsjI/noK3TzIBXzYM+ghzsU=":{"valueMac":{"type":"Buffer","data":"VLV5p1yJIHcdCyEXAJXBkjp8G0ardWMDehaiRDGy6K8="}},"pvfQ6MnRGJS8figQjyQbKEmEKzg/mBNjaxQfHwEScuI=":{"valueMac":{"type":"Buffer","data":"335xUr33znEDYryuqpdAs1o8oZYjHitnF8ix2bq8QCU="}},"p2hmVEAkzgzdURYK/Gmrxl8rl6UtlZUAW2Q8hMruoOY=":{"valueMac":{"type":"Buffer","data":"dP7jLzAoN6/pGQ3ygtaDg619x3Qn6IM8v7RSyn/UfAM="}},"p5mfidLsB0Nf5Xy4GH85pRWivEDcGI4EwIhTleA+3jo=":{"valueMac":{"type":"Buffer","data":"pgt0d253geUtOPxryZNK2QdaUzmT8XqJ2K8+5l9JfrQ="}},"p6Xm46jZbIXZ/O1sny34QLM+Jz5V0xdl0O6+i++O4Jw=":{"valueMac":{"type":"Buffer","data":"C3R/lNXCKP4vYqMtReZvOIb5TReCG5q9Njr56WvZNM4="}},"p+hWqj2pQu2NSKymdoChjO8bDFHdVWzdy2Pg98FhPWc=":{"valueMac":{"type":"Buffer","data":"rRt8J14DgNLPbR0A9h8Ab5HPF8D7bbMKuDuebMyF1OM="}},"qCVajlwqnFbHVPsTni2aC1XA06lahn7Sbv+yy8DAwKA=":{"valueMac":{"type":"Buffer","data":"nKi0WJmN++nStLvA8W9BitwSs7xrJ4G8MQxc2m8TLhc="}},"qQnRgUtkJL4lI5h7lrYcWf5rQ5WdnvmsrzKnnFsdM6I=":{"valueMac":{"type":"Buffer","data":"IN4ssaPAiPa0L1VGqV+6zuR2tLigqdMgo9veVzm6Ggs="}},"qU6GOYaROxDM6IiAFADSFKvMLoxKu9yKXsne9IVG190=":{"valueMac":{"type":"Buffer","data":"hGrm2CUW9YwfKLl802hxKkstSHhOkU+YJ7AOgXi1d28="}},"qbiaoizUMNA8yPGlPl1wUKsSgU8mclGtL05A876Sgsk=":{"valueMac":{"type":"Buffer","data":"aYDgMjp6lDHY/4OxQ6GwdTjjLI+JlHMrelqI8i0QuTo="}},"qgWrB7UnBxIUNi9Bw6a6uwiiWzcyr4c7yP4YZpxKJXU=":{"valueMac":{"type":"Buffer","data":"bn+YN11NHaM5Fv120fULz18n4nFsH8hxYQ2PYxlHaYk="}},"qgnfnJhBwoHjZpGyzXHrWqVVqQnDysxt62BAAVaYoQU=":{"valueMac":{"type":"Buffer","data":"vHAUcnVqvEHLcR4gJaWjvzneK3VFKk98NW+6ggTZbJI="}},"qlF71LIduJfWuoY/rTdcIOv8EWrqP05e1usR1BLHYdY=":{"valueMac":{"type":"Buffer","data":"ypApt2nFQE9fy5qFFWWKlz81XXOwmFD7FARPuaJxHJM="}},"rMzMaB2psdlFf5ELU5qvppDCj6LaArYjRAFnDKDlMz8=":{"valueMac":{"type":"Buffer","data":"df884oqFGqU8BQD/8jjN6eHoNPhfGGGPPPcXHXTp0vg="}},"ry+Es2Xx/jMXHvHownVjmhRgIE/HrxeC8IrupM3J4tM=":{"valueMac":{"type":"Buffer","data":"9uuSKFIaLu4t5GDK6zA4ZbpkYqg+jN0MeJ67dEdLWO8="}},"r96mqHjZ5WSDPws7NS9AGi3QeOf8zNktuKGPb1GoI3E=":{"valueMac":{"type":"Buffer","data":"PWM6Z5Ta5VxFPWLkg1YBvCWP4NeWVeNCJZKzb76f5IQ="}},"sAFcKC4aSixY/WaAlPSi3HRFkmtKEyFRtl0BO0PkGnI=":{"valueMac":{"type":"Buffer","data":"SeqHan47Q+2ddHEcZumbKKfwNFf4w7Y+kbj9xtiEwpw="}},"sPOQAb6UOm3WHU/m37ZumGqFocZMsZ37yyT+RFMHyFY=":{"valueMac":{"type":"Buffer","data":"BBKuARpYypF2+yalSageEQVTEw9l8vJKjIrBWdgZIKU="}},"sl1urx74WpJcd4tCel7Oc1RcD3QVLF5Le49jim/E0nM=":{"valueMac":{"type":"Buffer","data":"B+YAQzrEUnF/BFIVYZh4S+2ZS7NAHY6y2sEPQXqbuo4="}},"stWYMJiRVPC3JCGRak3+r/kqwL2iT0TaOHYTx6mh6MI=":{"valueMac":{"type":"Buffer","data":"aQB4b97ykycOUlMy/EFpN7rJRE1boOOhOsTEfS9kx+k="}},"s5HprC9QQvZb7ZAScAsARfomEWpbY2r3vTSO1CC2C0s=":{"valueMac":{"type":"Buffer","data":"fr2eJaZy0QqQb7mBldzIl/f2JgyA5gyK0kJFvW/bSHg="}},"s55Jq3AHDyM2hBySf+sT4M3ptDuCeHNMzNneQbRNgik=":{"valueMac":{"type":"Buffer","data":"/IXJcjvCrIY1c8XdoOCfuUaJubMygYiJ3oE/j3zArds="}},"s7gMvqHsOofrg1l9tXBHcrX93hjPaTtLZxW42Vwj0Uw=":{"valueMac":{"type":"Buffer","data":"htV2xK+Kk4E7WkIeKfjo7vSdzUR+5pzluSN0nJpVNsQ="}},"s8/mERXuxgHAXIGX/d6AdW25667vvUitKBAQ8y8r5UA=":{"valueMac":{"type":"Buffer","data":"414sn7j1jEI7YisoiqPOZisp32axXywl7zrjDQzyKDE="}},"tNYsORo9/1VUPFYAKuj8NWlW/YuU3IbFdBnFLgsu3h8=":{"valueMac":{"type":"Buffer","data":"0f3C2D09zpfBlZt38vk8JDoZD04TuJ21geGos8hS2Xk="}},"tfnnz84OHaB2tpGQEgcgr1mktWEukwJkeZDf3BZGJcY=":{"valueMac":{"type":"Buffer","data":"Bhb9IPtiiIClZgtFA3ooU5FTAWbCoStWEV++yz2H8f0="}},"tgSrbmotNISJ2et4hoYmeJYxqTETjUWVwB147j7n+tQ=":{"valueMac":{"type":"Buffer","data":"Ak/sinvjJAaGmn/38GbQ4YEYgdih34QNJPpVCR+/76Y="}},"tzUmGn6Gp1gShezu6mgmYm0jj7HjqLuzKZBXS4nUKR8=":{"valueMac":{"type":"Buffer","data":"Og5W5A6Zl7tToUvuwcXCDRjLWWz5FQPpwZIodMfhOeA="}},"uMlxt7QNQz+xkBa5z//6TPMcJYwQ1EbyIR3uZt8W3ow=":{"valueMac":{"type":"Buffer","data":"MVz9qvLynPBPfB+7khYsYy41sQ8oJMn9qFYuF/EKDek="}},"uVCwict4sAg4WtWDJewnQJeA4ANUNuK+H9RW81Og7vA=":{"valueMac":{"type":"Buffer","data":"kDrjqNM6pSa0Ug6NG9hAqe2mdR04PoyppO4FslsZj2Y="}},"uqm+tMnQlN8psk43kifXVeHI5l/X5dGjvdBfb7dfutk=":{"valueMac":{"type":"Buffer","data":"CQAONIedx2jb6Y5cHGEMgP9UofsSo5colIrZToDPsf8="}},"vEiy3pM3z9KOgBpqL2dNjwRACkk5Z02KgJgVna+QBe4=":{"valueMac":{"type":"Buffer","data":"vWtb73nkypXrGPPd+yIRAKDfWWe7NNtv2zmIFq8qiKQ="}},"vMP3CUAHkdUEsdtOsRmaTC6noD8kNORN5s1FIJxVaQk=":{"valueMac":{"type":"Buffer","data":"YhjqAbHQONETwZ6/TMp3wfhnCFs6WA8eBXXVD/IrYhI="}},"ve7ddYDACD+J3/aOOJvxPK5Z72BJ7B/W/jfoF/HAC8Y=":{"valueMac":{"type":"Buffer","data":"wrnGwO9E0dGs48p6sB/RfB66MyUpUpOzi7BfB8x40oY="}},"wNK3oOlUz3we0D6PPatrcmPr9WDiEoozrk2UdX1cOmo=":{"valueMac":{"type":"Buffer","data":"V2u4tVTmr9+UTpGuaB5uRCRY/kJ9LvrkIWu4jS48uAg="}},"weZ2o7Fnczg1ufuFWvQ3jMXfOaAUnb7bH+YZ0CtRcuo=":{"valueMac":{"type":"Buffer","data":"kGfKvpnxHoNWkYTuCLLLeTVrLrgJzc/rPK6ty2OM06M="}},"weuLLvam0IaGlC+W853Rxu2DKdvQirhuqJsI6lEfWbc=":{"valueMac":{"type":"Buffer","data":"ElB2ydkz4XOmkEdl0/f/HAzdM+XxaPhoe0PSE9U5YIc="}},"wjuej2gfVdmXh+jZuP7+LtJBT7wBxGusO7IAgG9/iTs=":{"valueMac":{"type":"Buffer","data":"6wfYiAohMlMRBlq8emFJ5DlXPwe32s9hFTWrwv4/SXA="}},"wsA3VbVbSlU7q1pujQdIF+bcJ3Pe7ng66OXJxOTvgKo=":{"valueMac":{"type":"Buffer","data":"F+qWNfZplhCQov/Darj+2rDho/4yfrD4wv0iK+smSO4="}},"w14H7HYaUzZt24tXM3PEbna3cxa+0/0LX757kIOr/SI=":{"valueMac":{"type":"Buffer","data":"ENsK6zxE4InQJGkk8vBUVHppSiYqZ4/YB1PYoV1735c="}},"xCR7mGgkAgF45tPVwTBB2zbwB+4d9VejmhgHX52VTFM=":{"valueMac":{"type":"Buffer","data":"E8nS25FaBY330QVMK2hvqPkaXadqUN7fNxC3OLdsO3Q="}},"xGSLRSTdPM8so7TXetrVhf3UZgT+33mGeNGoti0NYAw=":{"valueMac":{"type":"Buffer","data":"CxMyvT0r2nZwXMP6P8XbuSbv/vtrzO7/xcY2PAHeet0="}},"xSeDyrmdC4ssYSTUqCXSZXi2Qmr9/DUJB6KjTvkwCF0=":{"valueMac":{"type":"Buffer","data":"OvcproBU1S8hDUrXJln31K2OIjGYgtR948l3waqzsvk="}},"xU1bUP7m6q395C/XAtckJkG+FHFWpdaJg28EhvntJT4=":{"valueMac":{"type":"Buffer","data":"fNZ2WAS3/+uv2giwmCodUOxG8VYGx7+Bfh3FY3qjjv0="}},"xcGeihpB+wE3q2tGfo71Qo02vmEiEWDR6R4Jh1UKWIU=":{"valueMac":{"type":"Buffer","data":"zovSUx2l7KxnnCOQRHq1YxcjT6sRPSl+Zn8cGyxC0Cw="}},"xfuVum+Ih+MpXmw82w6Emx1A2Jh4OZfGNzTEnJhz1R4=":{"valueMac":{"type":"Buffer","data":"dCLKpsEP4Buh5KkwADoywFCM8Q3qnvve5bLC36hRv4w="}},"xifAmTPOF0YgBwBE+nK1+YFuiKvKoF1J+CRalJskvt4=":{"valueMac":{"type":"Buffer","data":"phs61Yd3InB1l9r6gBNpkjUXZevnrq5nFbDyW6lqVYU="}},"xkeKzVWXBCdUGIdwjZL5RhHXdb8XyW5FGTwSE9fkg3U=":{"valueMac":{"type":"Buffer","data":"xzeVbv2Givx68g74klv9ISVWntP3GBb1lEf1qoIUeLc="}},"xl2yljoek98ckr/8nixPLpOgAgF8CAO/FV+1mMV3x4s=":{"valueMac":{"type":"Buffer","data":"IqqYWy+VKlfiAgXzw2rtzauKn2t84FR3t/3R5cFDuhM="}},"xq+G3lV8SuojVmvs6l4d7mV4tRjhvMyJuO8wtww/VPc=":{"valueMac":{"type":"Buffer","data":"5YDW8yHFAVSJLXjnysnfLqH1u/gSwIcBfsvw7ImrL70="}},"x4VmIS+PdNjs0VRQ3V6we/TKw7XnfEHTNhPhi8a0raU=":{"valueMac":{"type":"Buffer","data":"vnR2OEiJHOZDdyfbJk+COF7e+Zb+UmFo0bV69KoJ4D0="}},"x/AbFH5MsYBH6dfkvU4cXHE1rXprdsuKLd24Ahv4q1Q=":{"valueMac":{"type":"Buffer","data":"aO/31D3wWIWY2qbs3CzIhjEyqcZFjygo/GXiQW1BSeE="}},"yQICYQ7c/moTBbzYQk/awNLgMMp4iM6tWlxuRJdTwxo=":{"valueMac":{"type":"Buffer","data":"M7cSrCO12UhVlFuQWKGQtaRQlxukWYu08wAHt/MSMLw="}},"y4uOt6/y6ESTMr2LfReaiJNImUPs++WEo0S0+kkXrvU=":{"valueMac":{"type":"Buffer","data":"4gqTUxdlH/oKQX2XfUW347nKxwrRiTWMrAUjmrn99Ss="}},"y8YGU0wsfyjCACB+KHxHfGeAj/frxHxpeLFiszYfqyw=":{"valueMac":{"type":"Buffer","data":"ayjK/iU+n9RZJVJSiPBDu7Zv4J21NJXIf7jwJmG2Ot0="}},"zAxXTzjEB4iEnqPP23IhqQ55NnpG5O9m5/P3SHuCoS0=":{"valueMac":{"type":"Buffer","data":"kDo0/Q8H+JNAx50dhz9YTyD0ONMw8LAy/463s2yEvbc="}},"zGRUCNd/GMX8ISanaESze66qvS0xlXtxBuS1MU+8sGQ=":{"valueMac":{"type":"Buffer","data":"xl9+9uN2W3/A63kKgMQsGddEaAWvxg3MB3M+wNCknnE="}},"zHwjxPpgBU+C/tZxWNNOuCDXUOaS6uifNjMu7ZLN/CI=":{"valueMac":{"type":"Buffer","data":"7xglsaIVaTb6sVKKT6ozc8cJL/XI8i9TkfZeA6UKQP0="}},"zzIH17NQZEZcW8xQ3KeihgVgBTF32+mjTCBfntucv90=":{"valueMac":{"type":"Buffer","data":"WXOPLyln2N3T/u6ckNTVLB8sDGs9Ol82pUUxJmJie10="}},"z9QtLakmnxsp6DkDlBkMDx3abXRb8QGYAF4Lu7SnrFQ=":{"valueMac":{"type":"Buffer","data":"ymWjCPfXm8RGQfPuX2gW8fks5dLSJSnWRrWNHS1PYns="}},"0F+AfW0zRNN2P6DNg4lzUbUo/ph0wd2Va6n7gwFxGn4=":{"valueMac":{"type":"Buffer","data":"/JVGyQ/Z6sypcqnpTlVcwBWuEbpSc5XsvLwxPNt42eE="}},"0Ted8s8C0k2sMKIfW7janNVrkaWnS8xgKcmq4hBHatc=":{"valueMac":{"type":"Buffer","data":"Iqh+Nh7U1fuWoVEaCT2vHIdlA0ELA8Dqq1JaU7h3LB8="}},"0VULjGblw2385j3sadl/1NqROVraX7G6i0ywfxhGRXA=":{"valueMac":{"type":"Buffer","data":"N126FGm5P+IitWbQ5uy2Qt9A1mEnkg9mGpLTvPgxCv4="}},"0dLz9UNr2Ue4aaSvO0ouHWRa3Nt67AluuNoLoLoEjJE=":{"valueMac":{"type":"Buffer","data":"55gMyc1JAKRxySqYAMA+Z+xiKBSNolB0Zyzc3FVSOuQ="}},"0nV0Refy6VhZSwVCL78uM3U+aOecfvKvhMCyLxZFzxg=":{"valueMac":{"type":"Buffer","data":"/H9D3cEOVKoRekYOdmRdBLX/R4i2k8CJMuUmUtQwzVY="}},"09JR61uF45BBvYYsual25ED8vr8Lq7x1WdawKzPm4tg=":{"valueMac":{"type":"Buffer","data":"SS5/OZZSDz1237hLA4morpeYRYYqMLy2Sk51USocfos="}},"1Vxp1tNepkWmw76fCbf1mT0R+sQiERqvTAsSGNqpEdM=":{"valueMac":{"type":"Buffer","data":"+E6Uurl1UJemZSHlL6yr5s2jhYrPmilDYm3JIHUNVRg="}},"1iwv7Pslb/6hXhA2d/JWnyveSQMeictjm8X+pLgtrQU=":{"valueMac":{"type":"Buffer","data":"dZu7+j4b8tDbcdXAOEfqf+BVhZAL7seuM4ooDe6yGgA="}},"1zTvcF9t291ufHmTUvSsM7YmVjFb5b8TbWNpkl2zGCk=":{"valueMac":{"type":"Buffer","data":"ghxTg12oCYvBSXTYLzisKb/HQTrMT68/vtTf8Y8sTxo="}},"1+v/AqqrPHfN2mFKosXmGrd5JIfc2bllRk6vJzK9mvY=":{"valueMac":{"type":"Buffer","data":"+GMmjQ52VAc4ot8RTZ1d5AELvz/fiWXljoTz0bW/r8c="}},"1+/dX9iAPqCTxQ4C+Opm9q26b1rmZvSO9lKHTQu9DPs=":{"valueMac":{"type":"Buffer","data":"llzQyN0PVBSkr3XKTxkqwlmx7kPh9kfWKeLBfs3ocOQ="}},"2C1QBtviAx5VdKpX91J/Ssh/H6Wnp7jW4wSSYaR3aHY=":{"valueMac":{"type":"Buffer","data":"/+M9CVgFuHr/ofsxJjQd0GFzmozLr63cxroK/QjVUVY="}},"2UvqXlqI9j0rvVvFxmfZyvEqU+nORzDOlNfNRZunrz8=":{"valueMac":{"type":"Buffer","data":"rC4Vr/PzoIxQLJfppaT6/2BAFpNCF7OTzXSoapiANIs="}},"20AG9OW04gJCzT54fReLWfiniSoJqQPEZUHwsdiA2RY=":{"valueMac":{"type":"Buffer","data":"tY9kYCZvDllyfD50/YVQE+qlt8TyQTc3jtySyEd5HNA="}},"3ibXvdPwoYrLD+2vZtbNeA+pKoQMuQnTQ8XyyNnFUFU=":{"valueMac":{"type":"Buffer","data":"Lv/przsE0WO/sARc4srHiqw1QDOvM+FR+8CPXUQlDug="}},"3ntK5ZpKE//qLw+7YffynDpeWGAu9EFmIstwy+NcwoI=":{"valueMac":{"type":"Buffer","data":"eMSQrMcjt+Dntjix4fxBwknfN60q99v4MU8DW0oC0Lc="}},"3pdgfdxCf3KS8o43OYRkrC/nz90Qe3WOeWt9fCt5R2E=":{"valueMac":{"type":"Buffer","data":"8PqwkbSLwRDX/LGJMA8TuxyMIAquVuvJgqWK21lNJp0="}},"4PqelSYBaSXiTwR00L+oDNK4xFh54L1AguQvA6dG4WA=":{"valueMac":{"type":"Buffer","data":"ORLjjONtaspQ9CW4OPw3MXnufi/FZaNF/4G2Tby9ONw="}},"4efOkbkvmq1TZWBBNUrFlfPr8DSZ7QsnnK/X7jHAutw=":{"valueMac":{"type":"Buffer","data":"9QUnPPGIJ6U77JRqGOPEFs16vopT5sc1EXu25ZqSkvE="}},"4rHk6LewpEbPJdLt6XuUpi/fnB4kighd4XF4fhKwtvw=":{"valueMac":{"type":"Buffer","data":"e/7q35G/nPyHp+dKWFDMhf5WhI0FZ/lassVajf1zsqA="}},"4vv0OQUdlOIEM7+I53VEua4+Vial85L0chez0jGapcM=":{"valueMac":{"type":"Buffer","data":"73NPfoC2f67TF6KPqUD7cTd7xwLp2SRahPCufM+Vlfk="}},"483c2Vvjd14460V7yQyV0nAe0bgZmTH0UvabEW8TPyU=":{"valueMac":{"type":"Buffer","data":"tpcUE/lQMRo58JsKpJlHD4j1UcmQXu8bKdV0UzXKYu0="}},"4+rnZCBqJ6FnARHnnVBGvegxErA9eCT1oTYF/t1no5w=":{"valueMac":{"type":"Buffer","data":"GEyf8sAYw4h2RYHxmbMdGhEf0CmZNfPyyygufnKylro="}},"5IOy/+RPdErgxZoVsnfVMStPNwO5SCDBZvLMpB6orjk=":{"valueMac":{"type":"Buffer","data":"8Oe1FjZxyMyxm2mlMTkqLRSmtuS9fG0F8+STlAgr7ic="}},"5uQjcdj9VPXbuaBElrRU3e3tv7SXSaNwmHv+UzHV0vA=":{"valueMac":{"type":"Buffer","data":"0HzBuiTn2h7amGUw7IOf4e/r+9wQ4D8/fUCksjn+YR8="}},"58jutVU5RO8HGlAq25kA7o7eLx34tqd065n0AkwjC5o=":{"valueMac":{"type":"Buffer","data":"AGaCDQC1ab4O0/U9/nbmjnbOf5vbo9y2dXXF2htYI9Q="}},"58pdKjUq9ZV5FyjsG7ca/qt0etxWAs3ap8G/C4g/7Y8=":{"valueMac":{"type":"Buffer","data":"LhwJrGuQ60kDWwSgZnX88rbcDzjAwGHV2gzbEStyf/c="}},"6StEGFnwNDV4W86o1W9av6J6Jbj2g8ixTB348gAif7o=":{"valueMac":{"type":"Buffer","data":"+2x+jwW0IJcva3DIiXAtuOCRK4xVJ3pSw6alnOUdiCw="}},"6eoWF1dhnpuh6hyZXhwfTKNNkZVBtkCdJ6wCYa4Cw50=":{"valueMac":{"type":"Buffer","data":"fqpr5CGqSYjjgOZGr2/8GZ9OnOqlOP6fskEdZ4/cC0s="}},"69t+tBBZAQID/M6/rKjfF5EN+Tapx1ue2P3xerFraFE=":{"valueMac":{"type":"Buffer","data":"VSGKeWQxnmNrP70lI+HVEVmHBEWzhLQxfFH+cAguLFw="}},"6+6L0wTqw5xGiL8lr7xmZS+3Wtbm/JJaqL66TxH97vM=":{"valueMac":{"type":"Buffer","data":"zYdXYxf2ZwplAyUIEbVPrfSdUWq1GRp5CBIzRKQ5m+M="}},"7FOGBFRP0dscFcI6zgL8r649bf9MlhJEs4YqvyMxozE=":{"valueMac":{"type":"Buffer","data":"3mKE+RAvcpd/mLxOwAXFvtlUSZru6HC886hCe/6tckM="}},"7MQhNLZL8Y/I1YV1WiYGvnmMwOAczuHM0K0iMln2sfo=":{"valueMac":{"type":"Buffer","data":"NuTCRI4Jjs5ld8YiEpp2fJ6tMhqKS28zpFQn98TpY38="}},"7Pkf0R313Ct9bAYqHY4x5zMauQ4Rd4ESNWxZs2tTsYQ=":{"valueMac":{"type":"Buffer","data":"JATBw95oiLbP6fTp5h8jcx5BtogCXJP3IyTMsXj/67M="}},"7rioJtHoJITeYXAqjYyfXeRxD01QpjsvxaOozv99Ebs=":{"valueMac":{"type":"Buffer","data":"HRhJairhxw1xXYLlmQyCZ6vry+Esoy6MQjZot+Jy1vQ="}},"7sEuyBOq1nv8LId0F9isiObMOD5UJjiSAvoMaIexgjo=":{"valueMac":{"type":"Buffer","data":"J0mHnw7lNEkmB0eXT3hlmE7E992O0cMocQ1qQD3Z+qg="}},"7vZMqucjjq3crhjKFSPbjJoeSeK1Oy1n8Rp0fq7x32E=":{"valueMac":{"type":"Buffer","data":"w/pAoaI0yy/5pBFg24IWMwfM6m3GbVqaeX9cx5YtCzg="}},"8IvTkpC8vxnie1JijeEWKG3CmaRh2nuDk/4eTSmOBkU=":{"valueMac":{"type":"Buffer","data":"k8uLQefdlG9ypy8fuWRwoi4KvrvfDQ1QSHWPO0IWt3A="}},"8MmuYopnDcLri1Js8EjCFTBGHuDiqr0fWJ/D8i38pjU=":{"valueMac":{"type":"Buffer","data":"uOQGP/W6pjNXUsWY3Fvg6kUQ1KWksYx1bawjtZ5suXE="}},"8dpXDEB8rWmsrZ/EKmWDOEL/ML12f5mPpbgUnkibl/Q=":{"valueMac":{"type":"Buffer","data":"Xgy6eVGHWFAgoIW8Nz6DCfeP44SWaGQfglQ/90vlHPs="}},"9O2k+zcpf456RlvtTbqrqHFmQ8cfHiqQxpVps8Nots0=":{"valueMac":{"type":"Buffer","data":"WJM/Wg1cyIF2RWC6yNIAmIqxRyXYH6rBsGzYvANIWzw="}},"9gz193yG1VfBB8fTqLvELdnEmwfRmO4ObdDTn9An/k8=":{"valueMac":{"type":"Buffer","data":"1h7qOJzLvuibCRs0Z+64wqHB7u+4Tu9a21/R03zUeNQ="}},"+C7P8zrWWSLGPju6c/dXZFXRErZKkT7FNMQUPvRv8cY=":{"valueMac":{"type":"Buffer","data":"kFBNnOitEkritxXPQsJmNNKA23VPMeJ/o7lqbfgbeTs="}},"+HYwHxDUKC+/c3TCdTg5d2DJBNxUCf3sz4VEBNFUBVY=":{"valueMac":{"type":"Buffer","data":"ptWEx9lenytJUPhBHL/SkSpaCGzqUWebBrVzPvTLncU="}},"/ktDHMWF2JJX9/GkSOSyAJeo+B3ZKlq1ymclEhIjoeI=":{"valueMac":{"type":"Buffer","data":"KPw4GO/ezfLEF/MPME8z2/bEn2Z0gh9cw3yvQ4rXwH0="}},"/vvQ8yHYUddvrvNMZXqjhBQPwYqq7Lu2vlgx1GJuwrg=":{"valueMac":{"type":"Buffer","data":"J1JhedkUKZ6JZX9qM8/8JUiqu2TSaEz0jUzxGrNNIbk="}},"/5Lvbp4mKoVwLgfof0Pvyqc5fNMwF8gF4saHVX6dmbY=":{"valueMac":{"type":"Buffer","data":"V72VH8mCRKFJAsZXMxHC5SU2zPvZbpqCFD7GA7CpFt8="}},"vzjeQSxSrD0s4bmQkTisYxb2J2fC9dlE4A90EAq7gYs=":{"valueMac":{"type":"Buffer","data":"NSHvyWNwKVTYNuGKy82iAjqq2m9tevHoUrSyccTaZe8="}},"MPXBTjlJ98GL3YhDCfzfYKln2lYZZQhmc+VPTNcTCSE=":{"valueMac":{"type":"Buffer","data":"uu6kvd78zGojUSb5pf+E9ur6LW87MZtNRpgcVQzlGes="}},"hDfr0p2jXMlZoCNEVVpW3VhKxZSJOvfjUe3N4mdCSL8=":{"valueMac":{"type":"Buffer","data":"uPUAbTxq6qjBSujdQjNEbqZVQ0DS/bPN1L6Gy6WlmA8="}},"fw9ydr3ZZB2I8Rog0ozVBKbQ11svdGsN3/WCiGHhmT8=":{"valueMac":{"type":"Buffer","data":"p9NQ07vBc/WUXGUf4wgxfdXlgKQ5dxwOoLtS56MWyRo="}}}}