{"noiseKey":{"private":{"type":"Buffer","data":"2FGDYp6bZW9wc33IySk7nmzgzbQ9mFzbshNgYAoiC2k="},"public":{"type":"Buffer","data":"7QhwPbRAi4imv+OMyZi/I+Qnm3MX3/cvqyYDZIxUnCQ="}},"pairingEphemeralKeyPair":{"private":{"type":"Buffer","data":"0DK9/GNowKcSTxErWKBfCSPhHXBh+TZo4RRZPdsYR20="},"public":{"type":"Buffer","data":"sYjiqlyeBECorhRljdu09qPEBeUOHi3BR84fOn/AkFQ="}},"signedIdentityKey":{"private":{"type":"Buffer","data":"cFOHMno4a8LLb1EK8oKuRbaoo6J5r4RIahjdyEOzvnk="},"public":{"type":"Buffer","data":"66LynIjYmv/OpazlGGB0NAjIjNlBGl5KHtn0tp9Zwig="}},"signedPreKey":{"keyPair":{"private":{"type":"Buffer","data":"sN+MSdAGRTYNgkdGExWOuS9K/AJJDXLG9aw6VKrI5Hw="},"public":{"type":"Buffer","data":"KUsoE8lWpBJZQrfxgatYP2Dypfr1xu5i0yzb9rxQ+UI="}},"signature":{"type":"Buffer","data":"OxiUa2pkWA0OFerwjPmU42aylLEEdG1nojBQ/+v7itASr57UXUjqPWTNxd4A3EBKTiPOSstnM6ztoilj91Hiiw=="},"keyId":1},"registrationId":248,"advSecretKey":"KUh5LpVcT4leVmgKyUwdN5GPZHQI88uHAFfa9z1k7zE=","processedHistoryMessages":[],"nextPreKeyId":3127,"firstUnuploadedPreKeyId":3127,"accountSyncCounter":0,"accountSettings":{"unarchiveChats":false},"registered":false,"account":{"details":"CKDLpeYHELrpvccGGA0gACgA","accountSignatureKey":"td2CZqVJcqyOdBu2H4woCMH9tO7lZ571xuwL0vIi/hU=","accountSignature":"COgVm8FkOSty5JQPBqsDWLALXeInUQnlgP0nVE7dYKDZ8QpRxV4MHPb5EUwOmKuCf3Cfu61DIXl34pqdBUXQAA==","deviceSignature":"2eP9pTDD5HwvbeIOggI2EkMB5wF30CfHqiegvQe7pnWzMq7VfYDITl3HbVKx8QoJ88Leh0gXmGginErnXHLxjg=="},"me":{"id":"6289524564686:81@s.whatsapp.net","lid":"94541122134190:81@lid","name":"Hanief Autophile"},"signalIdentities":[{"identifier":{"name":"94541122134190:81@lid","deviceId":0},"identifierKey":{"type":"Buffer","data":"BbXdgmalSXKsjnQbth+MKAjB/bTu5Wee9cbsC9LyIv4V"}}],"platform":"android","routingInfo":{"type":"Buffer","data":"CAgIEg=="},"lastAccountSyncTimestamp":1761832855,"lastPropHash":"3R9Z39","myAppStateKeyId":"AAAAAPjo"}